Ticker,Date,Open,High,Low,Close,Adj Close,Volume,is_gap,log_return,Volatility,Volatility_Norm,AdaptiveWindow,AdaptivePatch,dynamic_patch_len
CEG,2022-01-19,38.0,43.0,38.0,42.0,41.325958251953125,129900,False,,,,50,48,16
CEG,2022-01-20,40.95000076293945,48.369998931884766,40.95000076293945,45.0,44.27781295776367,153400,False,0.06899288379462253,,,50,48,16
CEG,2022-01-21,43.0,49.95000076293945,42.95000076293945,45.0,44.27781295776367,329500,False,0.0,,,50,48,16
CEG,2022-01-24,44.91999816894531,45.0,41.880001068115234,42.79999923706055,42.11311721801758,110000,True,-0.05012445038878729,,,50,48,16
CEG,2022-01-25,42.5,44.91999816894531,41.33000183105469,41.89799880981445,41.22558975219727,23500,False,-0.02130009099769597,,,50,48,16
CEG,2022-01-26,45.0099983215332,45.060001373291016,42.25,43.220001220703125,42.52638244628906,90500,False,0.031065472742122208,0.04617157388552529,0.674966070327255,23,24,8
CEG,2022-01-27,47.2599983215332,49.619998931884766,43.75,45.7599983215332,45.025611877441406,151600,False,0.05710683391776719,0.042238344403398694,0.6124580417408609,25,24,8
CEG,2022-01-28,44.54999923706055,47.59999847412109,44.150001525878906,46.75,45.99972152709961,43600,False,0.021403862015758904,0.04289354396735739,0.6228706640553819,25,24,8
CEG,2022-01-31,46.0,48.0,46.0,48.0,47.22966384887695,71300,True,0.026386823848525084,0.028305571615945685,0.39103435831647937,34,32,10
CEG,2022-02-01,47.5,50.0,47.04999923706055,49.77999877929688,48.98109436035156,298800,False,0.036412227718148026,0.013818926111371924,0.16080836834163206,43,40,13
CEG,2022-02-02,50.03499984741211,56.22999954223633,49.79999923706055,53.0099983215332,52.15925979614258,23860900,False,0.06286733221409015,0.018412469097721356,0.2338102914707941,40,40,13
CEG,2022-02-03,52.18999862670898,56.56999969482422,50.29999923706055,53.619998931884766,52.759464263916016,8425500,False,0.011441447095404456,0.019610309304431115,0.25284671693826083,39,40,13
CEG,2022-02-04,52.59999847412109,54.33000183105469,50.119998931884766,50.13999938964844,49.33531951904297,6757800,False,-0.067102928781521,0.04906115764830346,0.7208881771525246,21,24,8
CEG,2022-02-07,50.0,50.040000915527344,46.0,46.06999969482422,45.33064270019531,9432500,True,-0.08465700170175686,0.06469511349256145,0.9693475572299174,11,8,8
CEG,2022-02-08,45.130001068115234,47.560001373291016,44.16999816894531,45.5,44.7697868347168,7277500,False,-0.012449732205459448,0.05977328254550035,0.8911283862066307,14,16,8
CEG,2022-02-09,44.75,47.45000076293945,43.880001068115234,47.310001373291016,46.55073547363281,4393100,False,0.03900929234716114,0.0521752333430679,0.7703779751500941,19,16,8
CEG,2022-02-10,45.5099983215332,48.5,45.380001068115234,47.04999923706055,46.29490661621094,2450000,False,-0.005510856495006325,0.04989893857760584,0.7342024357067076,20,16,8
CEG,2022-02-11,46.7599983215332,48.90999984741211,46.060001373291016,48.09000015258789,47.31822204589844,3456800,False,0.021863518658112795,0.04744308781210233,0.6951733400102593,22,24,8
CEG,2022-02-14,48.18999862670898,49.0,46.9900016784668,48.11000061035156,47.33789825439453,2155000,True,0.00041574086740661897,0.02127095479036145,0.2792381787072994,38,40,13
CEG,2022-02-15,47.70000076293945,48.45000076293945,47.20000076293945,48.0,47.22966384887695,2359800,False,-0.0022890397165796807,0.019126638251762643,0.2451600756873502,40,40,13
CEG,2022-02-16,47.720001220703125,48.470001220703125,46.95000076293945,47.20000076293945,46.4425048828125,5855300,False,-0.01680707314044711,0.014099553110437155,0.16526817435076405,43,40,13
CEG,2022-02-17,46.31999969482422,47.08000183105469,45.18999862670898,45.290000915527344,44.56315612792969,3142600,False,-0.04130767158561567,0.023353434173311115,0.31233354763797594,37,40,13
CEG,2022-02-18,45.150001525878906,45.900001525878906,44.79999923706055,45.40999984741211,44.68122863769531,2018700,False,0.002646050593926272,0.01832753894142793,0.23246055668883928,40,40,13
CEG,2022-02-22,45.40999984741211,45.68000030517578,43.4900016784668,43.540000915527344,42.84124374389648,2611100,True,-0.04205219496649726,0.021077389837357765,0.276161988093286,38,40,13
CEG,2022-02-23,43.68999862670898,43.9900016784668,42.18000030517578,43.09000015258789,42.39846420288086,2791200,False,-0.0103891375102336,0.019641852854813468,0.2533480162288251,39,40,13
CEG,2022-02-24,43.150001525878906,44.59000015258789,42.220001220703125,44.31999969482422,43.75189208984375,2447900,False,0.0314227196845982,0.03108330680106299,0.43517893496672533,32,32,10
CEG,2022-02-25,44.29999923706055,44.93000030517578,43.7400016784668,43.90999984741211,43.347145080566406,2040700,False,-0.009294016004847932,0.026476409308262092,0.3619647781311857,35,32,10
CEG,2022-02-28,43.29999923706055,46.619998931884766,42.459999084472656,45.97999954223633,45.3906135559082,5534900,True,0.04606449017026346,0.03543444776232484,0.5043285345072362,29,32,10
CEG,2022-03-01,45.619998931884766,48.04999923706055,45.34999847412109,47.790000915527344,47.17741012573242,4212900,False,0.03860984519360715,0.027088879373390513,0.37169833080420656,35,32,10
CEG,2022-03-02,48.0,50.29999923706055,47.33000183105469,49.459999084472656,48.82600402832031,3517100,False,0.03434786137204908,0.021688036388746855,0.28586656095481516,38,40,13
CEG,2022-03-03,49.81999969482422,50.33000183105469,47.547000885009766,49.52000045776367,48.88523483276367,2072200,False,0.0012123643582594924,0.024590245186079687,0.3319893085066006,36,32,10
CEG,2022-03-04,49.16999816894531,51.040000915527344,48.25,51.0,50.34626007080078,2544600,False,0.02944893304657336,0.01717638482507233,0.21416608016783142,41,40,13
CEG,2022-03-07,51.060001373291016,52.58000183105469,49.869998931884766,51.650001525878906,50.98793029785156,2726900,True,0.012664606117065866,0.015773568593758835,0.19187211601270895,42,40,13
CEG,2022-03-08,51.18000030517578,55.31999969482422,50.84999847412109,52.31999969482422,51.64934539794922,3873700,False,0.012888577790604741,0.013552538219963243,0.15657485437889215,43,40,13
CEG,2022-03-09,52.43999862670898,53.68000030517578,50.59000015258789,51.33000183105469,50.67203521728516,3050600,False,-0.019103336879017295,0.017921406488918705,0.22600618145681417,40,40,13
CEG,2022-03-10,50.56999969482422,51.63999938964844,49.27000045776367,51.31999969482422,50.66215896606445,2692700,False,-0.00019492435562493805,0.018053876009841034,0.22811142566854062,40,40,13
CEG,2022-03-11,51.41999816894531,51.84000015258789,48.290000915527344,49.31999969482422,48.68779754638672,3034100,False,-0.03975082548227293,0.02262308658485491,0.30072665102930385,37,40,13
CEG,2022-03-14,51.86000061035156,51.86000061035156,48.59000015258789,50.95000076293945,50.29690933227539,2916600,True,0.03251519556853473,0.02797864394023547,0.3858387284678166,34,32,10
CEG,2022-03-15,51.34000015258789,51.59000015258789,49.900001525878906,51.290000915527344,50.63254165649414,2117400,False,0.0066508547925861125,0.02723742089170112,0.3740589958798191,35,32,10
CEG,2022-03-16,51.709999084472656,52.400001525878906,50.34999847412109,51.77000045776367,51.10639572143555,2989800,False,0.009315164942734091,0.02623851843247292,0.3581841470411757,35,32,10
CEG,2022-03-17,51.880001068115234,52.709999084472656,50.90999984741211,50.9900016784668,50.33639144897461,2244600,False,-0.015181346701274755,0.02734283523839542,0.3757342713821833,34,32,10
CEG,2022-03-18,50.650001525878906,51.40999984741211,48.880001068115234,49.0099983215332,48.38177108764648,9663900,False,-0.039605191206554556,0.027291652339985175,0.37492085785228363,35,32,10
CEG,2022-03-21,48.90999984741211,49.43000030517578,48.59999847412109,49.220001220703125,48.58908081054688,2452000,True,0.004275718624197444,0.020674040244598738,0.26975183887899207,39,40,13
CEG,2022-03-22,50.34999847412109,52.04999923706055,50.0099983215332,51.13999938964844,50.48446273803711,3841900,False,0.03826678940470814,0.02901176505840815,0.4022573902014893,33,32,10
CEG,2022-03-23,50.70000076293945,51.77000045776367,50.70000076293945,50.9900016784668,50.33639144897461,2396200,False,-0.002937316822350786,0.02847896843221169,0.39379003102695775,34,32,10
CEG,2022-03-24,51.18000030517578,52.58000183105469,50.766998291015625,52.40999984741211,51.738189697265625,2335200,False,0.0274678841238052,0.030263078446810494,0.4221436270478838,33,32,10
CEG,2022-03-25,52.2400016784668,53.81999969482422,52.02999877929688,53.79999923706055,53.1103744506836,2441200,False,0.026176097194263205,0.017261574801197624,0.21551994408223366,41,40,13
CEG,2022-03-28,54.380001068115234,56.84999847412109,54.04999923706055,56.77999877929688,56.05217361450195,3127000,True,0.05391064380236512,0.02083165958306487,0.27225677131666987,39,40,13
CEG,2022-03-29,57.0,57.38999938964844,54.630001068115234,56.33000183105469,55.60794448852539,2201300,False,-0.007956851152491699,0.025245399348230897,0.3424012092823725,36,32,10
CEG,2022-03-30,56.16999816894531,57.790000915527344,55.70000076293945,57.5,56.762943267822266,1934100,False,0.020557628026728468,0.022048206629995216,0.2915904913377809,38,40,13
CEG,2022-03-31,58.34000015258789,59.08000183105469,55.77999877929688,56.25,55.52896499633789,3817600,False,-0.021978929120111377,0.02983540493482312,0.4153469150242323,33,32,10
CEG,2022-04-01,56.36000061035156,58.29999923706055,55.70000076293945,58.02000045776367,57.27627944946289,2156500,False,0.030981790357271857,0.030392220920625018,0.4241959968578831,33,32,10
CEG,2022-04-04,58.36000061035156,58.70000076293945,57.52999877929688,58.380001068115234,57.63166046142578,1885100,True,0.0061855106849353905,0.02128782159842548,0.279506230933954,38,40,13
CEG,2022-04-05,58.650001525878906,60.31999969482422,58.45000076293945,59.0,58.24371719360352,2143100,False,0.010564149808965567,0.01991542454101894,0.25769569715094454,39,40,13
CEG,2022-04-06,58.900001525878906,60.08000183105469,58.369998931884766,59.59999847412109,58.83602142333984,2559400,False,0.010118049285319342,0.018959442310893797,0.2425029490948514,40,40,13
CEG,2022-04-07,59.7599983215332,61.06999969482422,59.34999847412109,60.90999984741211,60.12923431396485,3925800,False,0.021741874549863212,0.01022080944386293,0.10362605021555388,45,48,16
CEG,2022-04-08,61.220001220703125,64.9000015258789,60.900001525878906,64.0199966430664,63.199363708496094,4762100,False,0.04979808207211007,0.01780436077662393,0.22414605690438635,41,40,13
CEG,2022-04-11,64.18000030517578,64.66200256347656,60.40999984741211,60.68000030517578,59.90217971801758,3487700,True,-0.05358133945682715,0.03787767043812795,0.5431569409239029,28,32,10
CEG,2022-04-12,61.0,63.209999084472656,60.880001068115234,61.869998931884766,61.07692337036133,2553000,False,0.01942121484824336,0.038248747649233125,0.5490542080487746,28,32,10
CEG,2022-04-13,62.040000915527344,64.55000305175781,61.75,64.19999694824219,63.37705612182617,3405700,False,0.03696779653195918,0.04019267849228534,0.5799477232274981,26,24,8
CEG,2022-04-14,64.12000274658203,64.72000122070312,62.180999755859375,62.54999923706055,61.74821090698242,1860100,False,-0.026036903199883017,0.04367879933210901,0.6353501710382734,24,24,8
CEG,2022-04-18,62.290000915527344,64.16999816894531,62.290000915527344,63.310001373291016,62.49847030639648,1216800,True,0.012077079423099712,0.036788801224140674,0.5258523142134468,28,32,10
CEG,2022-04-19,63.630001068115234,66.88999938964844,62.880001068115234,66.70999908447266,65.8548812866211,2078800,False,0.05231147145628358,0.029618023618862937,0.4118922278329728,33,32,10
CEG,2022-04-20,67.81999969482422,68.68000030517578,65.06500244140625,65.41000366210938,64.5715560913086,2182800,False,-0.019679547161096614,0.034260068409493374,0.4856649557631936,30,32,10
CEG,2022-04-21,65.0,66.30000305175781,62.150001525878906,62.66999816894531,61.866676330566406,2493700,False,-0.04279231775111219,0.03762438132601275,0.5391315965770587,28,32,10
CEG,2022-04-22,62.5,64.45600128173828,62.290000915527344,62.43000030517578,61.62975311279297,2030500,False,-0.00383692888137771,0.03575890618070637,0.5094849221991954,29,32,10
CEG,2022-04-25,62.36000061035156,62.84000015258789,59.43999862670898,62.27000045776367,61.4718017578125,2261600,True,-0.002566197345389291,0.03507632547780621,0.49863715084914056,30,32,10
CEG,2022-04-26,61.79999923706055,62.220001220703125,59.90999984741211,59.95000076293945,59.18154144287109,2136500,False,-0.0379688683437408,0.01869684016422312,0.23832959929018552,40,40,13
CEG,2022-04-27,60.0099983215332,61.18999862670898,59.72999954223633,60.09000015258789,59.31974792480469,1991600,False,0.0023325745286837014,0.021565487302694232,0.2839189751836254,38,40,13
CEG,2022-04-28,60.220001220703125,61.34999847412109,58.79999923706055,61.310001373291016,60.52410507202149,3354600,False,0.020099448779338443,0.021071892610334757,0.2760746245602246,38,40,13
CEG,2022-04-29,61.5,61.86000061035156,59.150001525878906,59.209999084472656,58.45102310180664,2578400,False,-0.03485252498152936,0.02505737991058361,0.3394131496136801,36,32,10
CEG,2022-05-02,59.29999923706055,59.9900016784668,56.900001525878906,58.20000076293945,57.4539680480957,2488200,True,-0.017205120143054725,0.024738509176930264,0.33434556303498114,36,32,10
CEG,2022-05-03,58.45000076293945,60.45000076293945,58.45000076293945,59.70000076293945,58.93474578857422,2224200,False,0.025446756746738353,0.025318907204713127,0.3435694175486828,36,32,10
CEG,2022-05-04,60.119998931884766,62.29499816894531,59.84299850463867,61.810001373291016,61.0177001953125,2628900,False,0.0347331609703171,0.030038888488251096,0.4185807349252415,33,32,10
CEG,2022-05-05,61.220001220703125,61.9900016784668,59.16999816894531,60.15999984741211,59.38884735107422,1946800,False,-0.02705753551124417,0.031721624911975776,0.4453232723122739,32,32,10
CEG,2022-05-06,60.2599983215332,61.22999954223633,58.70000076293945,60.27000045776367,59.4974365234375,2861000,False,0.0018267742757554798,0.026563241642045904,0.3633447428718769,35,32,10
CEG,2022-05-09,60.56999969482422,60.56999969482422,56.56999969482422,57.619998931884766,56.88140487670898,2193700,True,-0.04496474383616817,0.033878986932740184,0.4796086979346383,30,32,10
CEG,2022-05-10,58.25,59.869998931884766,56.73500061035156,57.040000915527344,56.308841705322266,2156200,False,-0.010116915056707747,0.030209792239538513,0.42129678712090946,33,32,10
CEG,2022-05-11,57.11000061035156,59.02999877929688,56.52999877929688,57.369998931884766,56.63460922241211,1877000,False,0.0057686996070724274,0.021104218370026125,0.2765883549489667,38,40,13
CEG,2022-05-12,57.310001373291016,57.84999847412109,53.08000183105469,53.470001220703125,52.914649963378906,3785600,False,-0.06794003124776926,0.032062441906211075,0.4507396352565663,31,32,10
CEG,2022-05-13,54.52999877929688,55.9010009765625,53.630001068115234,54.61000061035156,54.04281234741211,2317500,False,0.02109631624571661,0.0366372053271687,0.5234431080624798,29,32,10
CEG,2022-05-16,54.41999816894531,57.130001068115234,54.34000015258789,56.59000015258789,56.00224685668945,1631900,True,0.035615258675253315,0.0400513806887087,0.57770217737636,26,24,8
CEG,2022-05-17,56.84999847412109,59.47999954223633,55.97999954223633,59.31999969482422,58.703895568847656,2215100,False,0.047114276295790215,0.045374448154777924,0.6622979160304031,23,24,8
CEG,2022-05-18,59.41999816894531,60.255001068115234,56.93000030517578,57.27999877929688,56.6850814819336,4609100,False,-0.03499502574699273,0.049430752600562095,0.7267618877880603,20,16,8
CEG,2022-05-19,57.130001068115234,57.5099983215332,54.91999816894531,57.22999954223633,56.63559722900391,2181100,False,-0.0008733490945851198,0.03253854286510673,0.4583059703722506,31,32,10
CEG,2022-05-20,57.5099983215332,58.93999862670898,55.4900016784668,56.650001525878906,56.06162643432617,2266200,False,-0.010186156124158602,0.03372077564307661,0.47709435803610933,30,32,10
CEG,2022-05-23,57.5,57.59000015258789,55.86000061035156,56.59999847412109,56.01213836669922,1581800,True,-0.0008831339061595641,0.02978968387006098,0.41462030254557086,33,32,10
CEG,2022-05-24,56.54999923706055,57.36000061035156,55.06999969482422,56.77999877929688,56.19027328491211,1682300,False,0.003175244903499427,0.01546774521104136,0.18701188173546665,42,40,13
CEG,2022-05-25,56.880001068115234,59.34000015258789,56.880001068115234,59.16999816894531,58.555450439453125,1974700,False,0.04123050735333474,0.02002852100561991,0.25949305910870024,39,40,13
CEG,2022-05-26,59.18000030517578,63.042999267578125,59.16999816894531,62.470001220703125,61.8211784362793,3260100,False,0.0542718228495622,0.028394379071889,0.3924457122738356,34,32,10
CEG,2022-05-27,62.400001525878906,66.63999938964844,62.0,66.5999984741211,65.90828704833984,2793800,False,0.06401818657253976,0.0296559880479952,0.4124955695988803,33,32,10
CEG,2022-05-31,65.54000091552734,66.38999938964844,61.369998931884766,62.08000183105469,61.43523406982422,7389300,True,-0.07028067012142883,0.05473814631374989,0.8111085345959193,17,16,8
CEG,2022-06-01,62.380001068115234,63.91999816894531,62.150001525878906,63.650001525878906,62.98892211914063,2008600,False,0.02497535619870629,0.054078258573793274,0.8006214064228849,17,16,8
CEG,2022-06-02,63.68999862670898,64.12000274658203,61.97999954223633,63.75,63.08788299560547,1758500,False,0.0015698509602666076,0.053613637094252584,0.7932375065368098,18,16,8
CEG,2022-06-03,63.2599983215332,65.81999969482422,63.119998931884766,65.16999816894531,64.49313354492188,1793500,False,0.022030038955412612,0.049475201604529846,0.7274682843060561,20,16,8
CEG,2022-06-06,65.56999969482422,66.94000244140625,65.38500213623047,66.38999938964844,65.70046997070312,2033200,True,0.018547317281197125,0.039977919871770545,0.5765347166761856,26,24,8
CEG,2022-06-07,65.5199966430664,66.69999694824219,65.16100311279297,66.55000305175781,65.85880279541016,2721700,False,0.002407020011938024,0.011118448582977843,0.11789159287535413,45,48,16
CEG,2022-06-08,66.44000244140625,66.47000122070312,63.130001068115234,64.7699966430664,64.09728240966797,1922200,False,-0.027111131837210745,0.01944058207942702,0.25014936244098157,39,40,13
CEG,2022-06-09,64.26000213623047,64.45999908447266,61.15999984741211,61.209999084472656,60.57426452636719,1811000,False,-0.056531841831459234,0.033299240387588754,0.4703951969726768,31,32,10
CEG,2022-06-10,59.84999847412109,61.060001373291016,59.209999084472656,59.790000915527344,59.16901397705078,1540800,False,-0.023472132779424504,0.028926046752706724,0.40089512991957327,33,32,10
CEG,2022-06-13,58.27000045776367,58.9900016784668,55.20000076293945,55.47999954223633,54.90377807617188,2113200,True,-0.07481582874769148,0.0301630501587661,0.42055394835841503,33,32,10
CEG,2022-06-14,56.02999877929688,56.47999954223633,53.31999969482422,54.43999862670898,53.87457656860352,2330400,False,-0.01892347468673916,0.0243352160414632,0.32793631105641574,36,32,10
CEG,2022-06-15,55.70000076293945,59.55500030517578,55.68000030517578,58.20000076293945,57.59552383422852,3891700,False,0.06678616459331677,0.054485601861832524,0.8070950246058409,17,16,8
CEG,2022-06-16,56.33000183105469,58.34999847412109,56.08000183105469,58.2599983215332,57.6548957824707,4837000,False,0.0010303121444901191,0.05118575989108464,0.7546529748410333,19,16,8
CEG,2022-06-17,58.54999923706055,59.5,55.48500061035156,58.09999847412109,57.496559143066406,6478700,False,-0.0027500605927409205,0.05064606448132534,0.7460759781886691,20,16,8
CEG,2022-06-21,58.09999847412109,60.93999862670898,58.09999847412109,60.380001068115234,59.75288772583008,4363600,True,0.03849241476056015,0.034914722329282145,0.4960689065416328,30,32,10
CEG,2022-06-22,59.27999877929688,60.43000030517578,58.8650016784668,59.209999084472656,58.59503555297852,3233400,False,-0.019567544314901108,0.03508084839854208,0.49870903042289455,30,32,10
CEG,2022-06-23,59.880001068115234,61.22999954223633,57.790000915527344,58.650001525878906,58.04085540771485,2667600,False,-0.009502809316320507,0.022088557115440624,0.2922317530056185,38,40,13
CEG,2022-06-24,58.84000015258789,60.34000015258789,57.97999954223633,59.27999877929688,58.664310455322266,6473700,False,0.010684376718178675,0.022451771324077257,0.29800405900495414,38,40,13
CEG,2022-06-27,59.119998931884766,59.87099838256836,58.41999816894531,59.41999816894531,58.8028564453125,1718900,True,0.0023588898564439113,0.02221283551777254,0.2942068215748276,38,40,13
CEG,2022-06-28,59.84000015258789,60.90999984741211,57.83000183105469,58.08000183105469,57.47677230834961,1401700,False,-0.02280952639181963,0.014243686566506314,0.16755878521727152,43,40,13
CEG,2022-06-29,57.959999084472656,58.15499877929688,56.31999969482422,57.310001373291016,56.71477127075195,1412200,False,-0.013346213290498362,0.013187761618334445,0.15077771837503706,43,40,13
CEG,2022-06-30,56.900001525878906,58.83399963378906,56.54999923706055,57.2599983215332,56.665287017822266,2424400,False,-0.0008728917028026656,0.013264789534060304,0.15200186844815686,43,40,13
CEG,2022-07-01,56.720001220703125,58.09000015258789,56.619998931884766,57.59999847412109,57.00175476074219,1531900,False,0.005920251295419639,0.011983999148455505,0.13164717457627095,44,48,16
CEG,2022-07-05,57.150001525878906,57.369998931884766,52.88999938964844,54.93999862670898,54.36938095092773,2696000,True,-0.04728090740136207,0.02086094044359692,0.27272211128106527,39,40,13
CEG,2022-07-06,55.130001068115234,57.220001220703125,54.560001373291016,56.7599983215332,56.17047882080078,1716600,False,0.03259018576601393,0.02917975763556062,0.40492717716984866,33,32,10
CEG,2022-07-07,57.56999969482422,59.900001525878906,57.56999969482422,59.11000061035156,58.49607467651367,1872100,False,0.0405683214382368,0.034597448641043506,0.49102670067384585,30,32,10
CEG,2022-07-08,58.93999862670898,59.810001373291016,57.41999816894531,59.650001525878906,59.03046798706055,2096000,False,0.0090940647343258,0.03437555363181787,0.48750028055448,30,32,10
CEG,2022-07-11,59.650001525878906,60.13999938964844,58.40999984741211,59.84000015258789,59.21849060058594,1774700,True,0.00318011717362108,0.0344423307369122,0.48856152175922557,30,32,10
CEG,2022-07-12,59.40999984741211,61.11000061035156,58.91999816894531,59.22999954223633,58.61482620239258,1808400,False,-0.010246162898813051,0.02106599855544048,0.2759809545230464,38,40,13
CEG,2022-07-13,58.150001525878906,60.27999877929688,58.150001525878906,59.81999969482422,59.19870376586914,1577200,False,0.009911974354542788,0.01864410314303777,0.2374914871884648,40,40,13
CEG,2022-07-14,58.290000915527344,58.970001220703125,57.09000015258789,57.91999816894531,57.31843566894531,2608600,False,-0.03227733440664324,0.017714055694863298,0.22271090224131843,41,40,13
CEG,2022-07-15,54.959999084472656,56.64599990844727,52.63999938964844,55.65999984741211,55.0819091796875,5186100,False,-0.039800976196464735,0.021683309911253536,0.2857914463977806,38,40,13
CEG,2022-07-18,56.33000183105469,56.66999816894531,54.59000015258789,54.810001373291016,54.2407341003418,2583100,True,-0.01538915736144,0.01952034259113175,0.2514169397253381,39,40,13
CEG,2022-07-19,55.43999862670898,55.5,54.16999816894531,55.0,54.42876052856445,2326200,False,0.003460522504550181,0.02165051783370869,0.28527030514988366,38,40,13
CEG,2022-07-20,55.15999984741211,55.345001220703125,53.369998931884766,54.06999969482422,53.508419036865234,2803600,False,-0.017053693647027777,0.01675502398201852,0.20746969091760287,41,40,13
CEG,2022-07-21,53.86000061035156,54.85499954223633,53.310001373291016,54.15999984741211,53.59748840332031,1816800,False,0.0016632021354583103,0.017503515083948783,0.21936492952717976,41,40,13
CEG,2022-07-22,54.790000915527344,55.59999847412109,53.41999816894531,54.0,53.439151763916016,1503100,False,-0.0029585524106643113,0.009589076527043825,0.09358636669265294,46,48,16
CEG,2022-07-25,53.97999954223633,55.060001373291016,53.369998931884766,54.959999084472656,54.38917922973633,1847700,True,0.017621566437148885,0.012483475611827565,0.13958500001782417,44,48,16
CEG,2022-07-26,55.400001525878906,56.66999816894531,54.88999938964844,55.5,54.92356872558594,1993500,False,0.009777336367021761,0.013153741499026551,0.1502370607297423,43,40,13
CEG,2022-07-27,55.02999877929688,55.7599983215332,54.18000030517578,55.52999877929688,54.9532585144043,1557200,False,0.0005404194912927289,0.008305826088747728,0.07319257694684192,47,48,16
CEG,2022-07-28,62.58000183105469,65.94000244140625,62.18999862670898,64.58999633789062,63.91915130615234,8460600,False,0.1511360452150367,0.06529517334149904,0.9788838831324319,10,8,8
CEG,2022-07-29,63.84999847412109,66.5999984741211,63.63999938964844,66.0999984741211,65.4134750366211,3895200,False,0.023109253623363944,0.062463640473921014,0.9338843380425317,12,16,8
CEG,2022-08-01,66.05000305175781,66.5999984741211,64.12999725341797,65.30000305175781,64.62178039550781,2735200,True,-0.012176765766242426,0.06647724653633919,0.9976697346547103,10,8,8
CEG,2022-08-02,65.30000305175781,66.79000091552734,64.98999786376953,65.83999633789062,65.15617370605469,1722900,False,0.008235548705413015,0.06662387519452193,1.0,10,8,8
CEG,2022-08-03,66.62999725341797,67.37999725341797,65.54000091552734,67.16999816894531,66.47235870361328,2286700,False,0.019999142165308507,0.06470923800357486,0.9695720280730775,11,8,8
CEG,2022-08-04,65.51000213623047,68.37000274658203,65.51000213623047,67.45999908447266,66.75934600830078,2425900,False,0.004308099925239824,0.014059168997095311,0.1646263782586013,43,40,13
CEG,2022-08-05,69.76000213623047,75.9800033569336,69.75,74.30000305175781,73.52830505371094,4216800,False,0.09657613227253944,0.042504349757233766,0.616685476305057,25,24,8
CEG,2022-08-08,77.01000213623047,77.62999725341797,74.97000122070312,75.88999938964844,75.10179901123047,3183600,True,0.021174078502418384,0.03789473359090825,0.543428113517979,28,32,10
CEG,2022-08-09,75.75,76.7699966430664,75.0199966430664,75.72000122070312,74.93356323242188,2945700,False,-0.002242615964691859,0.03965226330333649,0.571359287634599,27,24,8
CEG,2022-08-10,76.05000305175781,77.19999694824219,75.5,77.12000274658203,76.31902313232422,2134600,False,0.018320330034185123,0.039743559859452306,0.5728101990969124,27,24,8
CEG,2022-08-11,77.12000274658203,80.05999755859375,76.68000030517578,78.83000183105469,78.01126098632812,2540200,False,0.021930960459364258,0.037897083332787414,0.5434654563003467,28,32,10
CEG,2022-08-12,79.6500015258789,81.68000030517578,79.04000091552734,81.5,80.79804992675781,2170800,False,0.03509964277737346,0.013454769946368263,0.15502109249734208,43,40,13
CEG,2022-08-15,80.25,82.43000030517578,80.25,81.19999694824219,80.5006332397461,1980100,True,-0.0036877799401493984,0.01660853160234092,0.20514159135001156,41,40,13
CEG,2022-08-16,81.0999984741211,82.11000061035156,80.9000015258789,81.4000015258789,80.69892120361328,1878800,False,0.0024601564757574215,0.015567478294252281,0.18859686894373573,42,40,13
CEG,2022-08-17,80.41999816894531,81.44999694824219,79.0999984741211,79.69999694824219,79.0135498046875,2502200,False,-0.02110585292680792,0.02200728825890735,0.29094020466590176,38,40,13
CEG,2022-08-18,79.41999816894531,82.1449966430664,79.41999816894531,81.5999984741211,80.89718627929688,1939600,False,0.023559688953634115,0.02229483926830208,0.2955100490639901,38,40,13
CEG,2022-08-19,80.30999755859375,81.27999877929688,79.8499984741211,80.83999633789062,80.14373016357422,1704000,False,-0.009357393513730015,0.016541656921016494,0.2040787994353956,41,40,13
CEG,2022-08-22,80.75,80.75,79.5199966430664,79.6500015258789,78.96398162841797,1724600,True,-0.014829829968979658,0.017605123721818987,0.22097972359639872,41,40,13
CEG,2022-08-23,80.2699966430664,80.88999938964844,79.5999984741211,79.75,79.06311798095703,1065800,False,0.0012546755055207427,0.017504994456116155,0.21938844014056963,41,40,13
CEG,2022-08-24,79.66000366210938,80.81500244140625,79.30999755859375,80.37000274658203,79.67778015136719,1430200,False,0.007744258090941199,0.015083727104116134,0.18090895412484667,42,40,13
CEG,2022-08-25,80.01000213623047,82.83000183105469,79.76499938964844,82.73999786376953,82.0273666381836,1551700,False,0.029062177733497098,0.017140198628492122,0.21359099859159816,41,40,13
CEG,2022-08-26,82.73999786376953,83.2300033569336,80.5999984741211,80.83000183105469,80.13381958007812,1641000,False,-0.023354949130103442,0.020442189007367596,0.2660671914841497,39,40,13
CEG,2022-08-29,79.6500015258789,81.98999786376953,79.1500015258789,81.0,80.30236053466797,1191200,True,0.0021010350217658927,0.018705143276380766,0.2384615547670944,40,40,13
CEG,2022-08-30,81.58000183105469,81.58000183105469,78.9800033569336,79.69000244140625,79.0036392211914,1802800,False,-0.01630509947028128,0.02073761497319196,0.27076218698360577,39,40,13
CEG,2022-08-31,80.26000213623047,82.38999938964844,79.56999969482422,81.58999633789062,80.88727569580078,3016500,False,0.023562609843409552,0.023292356652884948,0.31136288589293054,37,40,13
CEG,2022-09-01,81.58999633789062,82.94000244140625,81.16000366210938,82.5199966430664,81.80926513671875,2421100,False,0.01133397558422926,0.019351757970614555,0.24873774383137823,40,40,13
CEG,2022-09-02,82.58000183105469,83.69000244140625,80.95999908447266,81.06999969482422,80.37174987792969,2232200,False,-0.017727758162040797,0.017793549728866466,0.223974244584423,41,40,13
CEG,2022-09-06,81.69999694824219,82.69999694824219,81.08000183105469,82.26000213623047,81.55150604248047,2013300,True,0.014572051852807704,0.018897601037539305,0.24152014956580597,40,40,13
CEG,2022-09-07,82.5999984741211,84.45999908447266,81.68399810791016,82.9000015258789,82.18599700927734,1759100,False,0.007750138249829161,0.015479262273806612,0.18719491425157916,42,40,13
CEG,2022-09-08,82.87000274658203,85.94999694824219,82.87000274658203,85.79000091552734,85.05110168457031,2184400,False,0.03426733726801186,0.018610948353497615,0.236964581615889,40,40,13
CEG,2022-09-09,86.5,87.80999755859375,85.43499755859375,87.51000213623047,86.75629425048828,1905300,False,0.019850700263199954,0.01914126849001692,0.24539258369512845,40,40,13
CEG,2022-09-12,88.55999755859375,88.66000366210938,87.45999908447266,88.12999725341797,87.37094116210938,1733800,True,0.007059773998214629,0.011136655656731087,0.11818094499472934,45,48,16
CEG,2022-09-13,86.9000015258789,88.02999877929688,85.7699966430664,86.37999725341797,85.63602447509766,1974200,False,-0.020056705106428048,0.020017476518834364,0.25931753690770737,39,40,13
CEG,2022-09-14,86.37999725341797,88.52999877929688,86.26000213623047,88.05000305175781,87.29164123535156,3600300,False,0.019148669382713403,0.020375198753665353,0.265002562859642,39,40,13
CEG,2022-09-15,87.87999725341797,88.26000213623047,86.30999755859375,86.80000305175781,86.05240631103516,3631800,False,-0.01429822430175389,0.01864051475085265,0.23743445941464536,40,40,13
CEG,2022-09-16,86.61000061035156,86.86000061035156,84.89299774169922,85.56999969482422,84.83300018310547,6245600,False,-0.014271866169148587,0.01678088381800476,0.20788066296345295,41,40,13
CEG,2022-09-19,85.4000015258789,89.69999694824219,85.25,89.36000061035156,88.59034729003906,4407400,True,0.04333828441076449,0.027462949766462654,0.3776431664487403,34,32,10
CEG,2022-09-20,88.41000366210938,90.18000030517578,87.55999755859375,87.75,86.99421691894531,4626000,False,-0.01818126036167237,0.02708339069042315,0.3716111030557661,35,32,10
CEG,2022-09-21,88.79000091552734,90.08999633789062,87.2300033569336,87.27999877929688,86.52826690673828,2155100,False,-0.00537049864495211,0.025643237699145897,0.34872377223598716,36,32,10
CEG,2022-09-22,88.0,88.0,84.62999725341797,85.37999725341797,84.64462280273438,1863300,False,-0.022009561751129673,0.026792246967761696,0.36698416221197083,35,32,10
CEG,2022-09-23,83.78500366210938,84.33999633789062,82.15499877929688,83.8499984741211,83.1278076171875,2678800,False,-0.01808230960160492,0.027232961158719537,0.3739881205042614,35,32,10
CEG,2022-09-26,83.66999816894531,84.94999694824219,81.6500015258789,82.91999816894531,82.20581817626953,1973300,True,-0.011153193960989504,0.0066383725959200555,0.04669292034917996,48,48,16
CEG,2022-09-27,83.69000244140625,85.41500091552734,83.08000183105469,83.97000122070312,83.24677276611328,1777800,False,0.01258328224643382,0.013557261391668593,0.15664991639938144,43,40,13
CEG,2022-09-28,84.11000061035156,85.52999877929688,83.18000030517578,85.0199966430664,84.28772735595703,1564300,False,0.012426908906536197,0.016665066735203637,0.20604006414880885,41,40,13
CEG,2022-09-29,85.05000305175781,86.20999908447266,82.06999969482422,83.04000091552734,82.32478332519531,1823700,False,-0.023564075128688806,0.017065655113737005,0.21240633134235243,41,40,13
CEG,2022-09-30,83.27999877929688,84.44999694824219,82.22000122070312,83.19000244140625,82.47349548339844,3267800,False,0.0018047785406983055,0.015677965331148843,0.1903527611163486,42,40,13
CEG,2022-10-03,85.02999877929688,86.91000366210938,83.87000274658203,86.58999633789062,85.84420776367188,2026700,True,0.04005714094768975,0.02291695481639066,0.3053968905617142,37,40,13
CEG,2022-10-04,88.30000305175781,89.46499633789062,87.16000366210938,89.33999633789062,88.57052612304688,1679100,False,0.03126502419540317,0.025132054751434086,0.34059990393548545,36,32,10
CEG,2022-10-05,87.68000030517578,89.47000122070312,85.58999633789062,88.16999816894531,87.41059875488281,1766700,False,-0.013182597471020813,0.027611932168658444,0.3800108381794751,34,32,10
CEG,2022-10-06,88.2300033569336,89.90899658203125,85.94999694824219,86.27999877929688,85.53688049316406,1677300,False,-0.021668908792609742,0.02709083870438333,0.37172946906305104,35,32,10
CEG,2022-10-07,85.70999908447266,85.75,83.37000274658203,84.38999938964844,83.66316223144531,2017200,False,-0.02214886982843605,0.030310676623675863,0.422900071138848,33,32,10
CEG,2022-10-10,84.94999694824219,85.62999725341797,83.93000030517578,84.72000122070312,83.99031829833984,982800,True,0.003902769940954094,0.02253495031724609,0.29932596379246057,38,40,13
CEG,2022-10-11,84.41000366210938,85.31999969482422,82.55000305175781,82.87999725341797,82.16616821289062,1534200,False,-0.021957895425783774,0.01123176344538296,0.11969242567462746,45,48,16
CEG,2022-10-12,83.11000061035156,83.58999633789062,81.68000030517578,82.16000366210938,81.4523696899414,1878400,False,-0.008725209997682629,0.01158453035505707,0.12529870015580033,44,48,16
CEG,2022-10-13,80.55999755859375,84.31999969482422,79.30000305175781,83.81999969482422,83.09806060791016,2746500,False,0.02000293511344761,0.01800593027704588,0.22734945811750548,40,40,13
CEG,2022-10-14,84.20999908447266,84.76000213623047,80.70999908447266,81.26000213623047,80.56011962890625,1693300,False,-0.03101763016167676,0.020310268349290297,0.2639706699606272,39,40,13
CEG,2022-10-17,83.22000122070312,86.29000091552734,83.13999938964844,85.19000244140625,84.45626831054688,1678900,True,0.04723013223358281,0.0321910442005601,0.4527834203771584,31,32,10
CEG,2022-10-18,86.5,87.4000015258789,84.51000213623047,86.51000213623047,85.76490020751953,1598900,False,0.01537596869459478,0.029740308243688906,0.4138356107093173,33,32,10
CEG,2022-10-19,85.08999633789062,86.2300033569336,84.55999755859375,85.69000244140625,84.95196533203125,1325800,False,-0.009523851291388845,0.029858351058399128,0.4157115815037637,33,32,10
CEG,2022-10-20,86.37000274658203,86.7300033569336,84.18000030517578,84.55999755859375,83.8316879272461,2076500,False,-0.01327490944386968,0.030334280725864363,0.4232751944061426,33,32,10
CEG,2022-10-21,84.69999694824219,87.45999908447266,83.66000366210938,87.27999877929688,86.52826690673828,1749200,False,0.03166007203554107,0.026052229882638698,0.35522359514577506,35,32,10
CEG,2022-10-24,87.56800079345703,87.70999908447266,85.56999969482422,87.58000183105469,86.82569122314453,1325000,True,0.0034314141015588046,0.0184686952360756,0.23470385363885995,40,40,13
CEG,2022-10-25,87.5,88.55999755859375,86.75,88.1500015258789,87.3907699584961,1647200,False,0.006487110496709413,0.017696100442729307,0.22242555214446605,41,40,13
CEG,2022-10-26,89.68000030517578,89.68000030517578,87.33000183105469,88.77999877929688,88.01534271240234,1370100,False,0.007121478083262499,0.016063682412005658,0.19648268931556018,42,40,13
CEG,2022-10-27,89.80500030517578,93.13999938964844,89.80500030517578,93.04000091552734,92.23865509033205,3345800,False,0.04686814702161167,0.01921522196527724,0.2465678738648584,40,40,13
CEG,2022-10-28,92.88999938964844,95.2519989013672,91.81999969482422,93.75,92.94254302978516,1958000,False,0.0076021900343625284,0.01827733169876392,0.23166264856424412,40,40,13
CEG,2022-10-31,94.13999938964844,95.41999816894533,93.375,94.54000091552734,93.72573852539062,2276600,True,0.008391356954621069,0.01766414871206993,0.22191776593404608,41,40,13
CEG,2022-11-01,95.23999786376952,96.23999786376952,94.00499725341795,95.5199966430664,94.69729614257812,1467400,False,0.010312605667352434,0.01726567599735808,0.21558512148619674,41,40,13
CEG,2022-11-02,94.68000030517578,96.29000091552734,92.9800033569336,93.08999633789062,92.28822326660156,1966100,False,-0.025768906506581094,0.025718492801613965,0.3499197482444357,36,32,10
CEG,2022-11-03,92.16000366210938,95.4499969482422,92.16000366210938,94.41000366210938,93.59686279296876,1484400,False,0.014080324295572535,0.016233571712482957,0.19918261956346828,42,40,13
CEG,2022-11-04,95.08999633789062,96.20999908447266,92.74500274658205,94.31999969482422,93.50763702392578,1974300,False,-0.0009537533933599293,0.016067185216449724,0.19653835690406912,42,40,13
CEG,2022-11-07,95.05999755859376,95.05999755859376,92.95999908447266,93.5,92.69469451904295,2120300,True,-0.008731874229669506,0.01597909076116133,0.19513833416080104,42,40,13
CEG,2022-11-08,89.55999755859375,93.1050033569336,86.08000183105469,87.54000091552734,86.7860336303711,4345400,False,-0.065865532285528,0.0306413167559333,0.4281547004283097,32,32,10
CEG,2022-11-09,87.0,89.91999816894531,86.33000183105469,87.3499984741211,86.59767150878906,2241500,False,-0.0021727785265070933,0.030855705270664512,0.43156182515070646,32,32,10
CEG,2022-11-10,90.5,95.83999633789062,88.19999694824219,95.13999938964844,94.32057189941406,4885600,False,0.08542639228807646,0.05409701360325737,0.8009194668140235,17,16,8
CEG,2022-11-11,95.29000091552734,95.87000274658205,91.6050033569336,92.30999755859376,91.51494598388672,3133200,False,-0.030197016577231825,0.05598205505682196,0.8308770946619276,16,16,8
CEG,2022-11-14,92.0,94.72000122070312,92.0,93.91999816894533,93.2535171508789,1997000,True,0.01881947221986256,0.056787905496342925,0.8436839045719101,16,16,8
CEG,2022-11-15,94.51000213623048,94.75,92.6500015258789,93.5,92.83650207519533,2537200,False,-0.004481871467068717,0.04381812809617395,0.637564424339957,24,24,8
CEG,2022-11-16,94.30999755859376,94.5199966430664,91.27999877929688,91.68000030517578,91.0294189453125,1384600,False,-0.01965716439646856,0.04602171840554517,0.6725845233900647,23,24,8
CEG,2022-11-17,90.43000030517578,91.45999908447266,88.87000274658203,90.05000305175781,89.4109878540039,1792500,False,-0.017939158113397073,0.018860234823572877,0.2409263148095598,40,40,13
CEG,2022-11-18,90.12000274658205,93.44000244140624,90.0260009765625,93.3000030517578,92.63792419433594,2515700,False,0.03545502507356388,0.024030116793610307,0.3230875849413647,37,40,13
CEG,2022-11-21,94.06999969482422,94.22000122070312,92.76000213623048,93.38999938964844,92.72727966308594,1744800,True,0.000964101932960507,0.0222479660052533,0.29476512551454936,38,40,13
CEG,2022-11-22,94.55999755859376,96.36000061035156,94.08999633789062,96.2699966430664,95.58684539794922,1567600,False,0.030372501871755782,0.026068282876860676,0.3554787140058071,35,32,10
CEG,2022-11-23,96.02999877929688,97.88999938964844,94.41500091552734,96.62000274658205,95.93436431884766,1135900,False,0.0036290424732881746,0.02216189670465221,0.29339728711945146,38,40,13
CEG,2022-11-25,96.5999984741211,97.4499969482422,96.0,97.16000366210938,96.47053527832033,631700,True,0.0055733751946638755,0.016353062432563053,0.20108160089179317,41,40,13
CEG,2022-11-28,96.06999969482422,96.58999633789062,94.37999725341795,94.80999755859376,94.13720703125,1590100,True,-0.024484260531511873,0.019465217484141876,0.2505408754684191,39,40,13
CEG,2022-11-29,94.69000244140624,95.11000061035156,93.31999969482422,94.43000030517578,93.75990295410156,1436200,False,-0.004016076503803249,0.019734487192559935,0.2548201881064769,39,40,13
CEG,2022-11-30,94.13999938964844,96.94000244140624,93.76000213623048,96.12000274658205,95.43791961669922,3361800,False,0.017738688956469226,0.015604608218345885,0.18918694851249732,42,40,13
CEG,2022-12-01,97.0,97.77999877929688,93.87999725341795,94.47000122070312,93.79961395263672,1748600,False,-0.01731523937861291,0.017028412896689077,0.21181446718125246,41,40,13
CEG,2022-12-02,92.98999786376952,93.48999786376952,91.04000091552734,92.04000091552734,91.3868637084961,1848700,False,-0.02605899533102159,0.01818666380549874,0.23022172799506754,40,40,13
CEG,2022-12-05,91.01000213623048,91.61000061035156,89.80000305175781,90.05999755859375,89.42091369628906,2397000,True,-0.02174715624500585,0.017707700494596353,0.22260990354755705,41,40,13
CEG,2022-12-06,89.86000061035156,90.87999725341795,89.80000305175781,90.77999877929688,90.13580322265624,1237500,False,0.007962868959331367,0.019487889045131327,0.2509011785193513,39,40,13
CEG,2022-12-07,90.87999725341795,93.1999969482422,90.58999633789062,91.97000122070312,91.3173599243164,1237200,False,0.013023453341603503,0.017994890379886313,0.22717400885618552,40,40,13
CEG,2022-12-08,92.33000183105467,92.98500061035156,90.93000030517578,91.41000366210938,90.76133728027344,1002400,False,-0.006107517034819282,0.017360064794949115,0.217085175750731,41,40,13
CEG,2022-12-09,91.36000061035156,91.86000061035156,89.69000244140625,89.72000122070312,89.08332824707031,1384600,False,-0.018661189908785316,0.015501183062143565,0.18754328580483562,42,40,13
CEG,2022-12-12,89.9800033569336,90.91999816894533,89.06999969482422,90.87999725341795,90.23509216308594,1554100,True,0.0128461956386435,0.013848768903578638,0.1612826386878785,43,40,13
CEG,2022-12-13,91.9800033569336,92.70999908447266,90.38999938964844,90.83999633789062,90.19537353515624,1629900,False,-0.0004402652115047316,0.013419047909153027,0.15445338747693554,43,40,13
CEG,2022-12-14,91.54000091552734,92.29000091552734,89.87999725341797,90.8499984741211,90.2052993774414,2561600,False,0.00011004218703763621,0.011409936005062935,0.12252399589050136,45,48,16
CEG,2022-12-15,90.80999755859376,90.8499984741211,89.43000030517578,89.69999694824219,89.06346893310547,2245100,False,-0.012738927102962686,0.012292566613062935,0.13655101860219437,44,48,16
CEG,2022-12-16,88.1500015258789,88.5999984741211,85.93000030517578,88.19999694824219,87.57411193847656,3911700,False,-0.01686382120318568,0.011763373599054572,0.1281409290822028,44,48,16
CEG,2022-12-19,88.37999725341797,88.66999816894531,87.0,87.7300033569336,87.10745239257812,1238100,True,-0.005342986912774259,0.007525681616956488,0.060794293763558674,47,48,16
CEG,2022-12-20,88.0,88.12000274658203,87.125,87.55999755859375,86.93864440917969,1306600,False,-0.001939808354611492,0.0072198286639570015,0.055933589546781536,47,48,16
CEG,2022-12-21,87.98999786376953,90.16999816894533,86.70999908447266,89.6500015258789,89.01382446289062,1409500,False,0.023589055531114095,0.015811888857026498,0.19248111279834224,42,40,13
CEG,2022-12-22,89.12999725341797,89.375,86.52999877929688,87.33000183105469,86.71028900146484,1548300,False,-0.026219138363918707,0.018822773862101932,0.24033097429837422,40,40,13
CEG,2022-12-23,87.5199966430664,88.2300033569336,87.12999725341797,88.04000091552734,87.41524505615234,600700,False,0.008097145661374252,0.018310526439746476,0.2321901890567795,40,40,13
CEG,2022-12-27,88.44000244140625,88.91000366210938,87.2699966430664,87.63999938964844,87.01808166503906,634400,True,-0.004553763720524399,0.018260198530452253,0.23139036326294968,40,40,13
CEG,2022-12-28,87.94999694824219,88.33999633789062,86.41999816894531,86.61000061035156,85.99539947509766,752000,False,-0.011822131943149725,0.019014136623815906,0.24337216704696538,40,40,13
CEG,2022-12-29,87.16000366210938,87.69000244140625,86.27999877929688,86.7699966430664,86.15425872802734,870800,False,0.001845595276578849,0.013263467921644756,0.15198086499869465,43,40,13
CEG,2022-12-30,86.5999984741211,86.5999984741211,85.12000274658203,86.20999908447266,85.59822845458984,1343300,False,-0.00647480831400887,0.007714752073563082,0.06379905653168925,47,48,16
CEG,2023-01-03,86.0,86.12000274658203,80.79000091552734,81.91000366210938,81.32875061035156,4030600,True,-0.05116499722662695,0.02110675860718809,0.2766287251378555,38,40,13
CEG,2023-01-04,81.94999694824219,83.73999786376953,81.29000091552734,83.41000366210938,82.81810760498047,2612200,False,0.01814713828029388,0.025704218086929166,0.34969289032077916,36,32,10
CEG,2023-01-05,82.91999816894531,83.91999816894531,81.88500213623047,82.41000366210938,81.82520294189453,1906300,False,-0.012061427784836811,0.02570892833216107,0.34976774690998724,36,32,10
CEG,2023-01-06,83.62000274658203,85.16000366210938,83.08000183105469,83.5,82.90746307373047,1914100,False,0.013139782525664816,0.02744129532032524,0.37729902768329804,34,32,10
CEG,2023-01-09,83.8499984741211,85.20999908447266,83.58000183105469,84.0,83.40391540527344,1301500,True,0.005970172464064144,0.02813391731978815,0.3883063782431196,34,32,10
CEG,2023-01-10,83.4000015258789,83.48999786376953,81.58000183105469,83.08000183105469,82.49044799804688,1376700,False,-0.01101275077260333,0.013821569897048224,0.16085038415367184,43,40,13
CEG,2023-01-11,83.0,84.375,82.44000244140625,84.11000061035156,83.51313781738281,1696200,False,0.01232145381509571,0.012378460410090452,0.13791606784338103,44,48,16
CEG,2023-01-12,83.87999725341797,84.80000305175781,82.7699966430664,84.33999633789062,83.74150085449219,1496700,False,0.002730724610433582,0.009768237063567952,0.09643363812430833,46,48,16
CEG,2023-01-13,83.80999755859375,85.70500183105469,83.44999694824219,85.16000366210938,84.5556869506836,1366200,False,0.009675651253451276,0.009114756205195713,0.08604832997958553,46,48,16
CEG,2023-01-17,83.93000030517578,85.0199966430664,83.0,83.37000274658203,82.77838897705078,2763600,True,-0.021243309843065012,0.014266370847684772,0.16791929042115253,43,40,13
CEG,2023-01-18,83.31999969482422,84.51000213623047,81.7699966430664,81.8499984741211,81.26917266845703,2084900,False,-0.01840025995437572,0.015797509511112338,0.19225259204471207,42,40,13
CEG,2023-01-19,81.5999984741211,81.79000091552734,80.75499725341797,80.83999633789062,80.2663345336914,1635500,False,-0.012416477788382055,0.013514890380767346,0.15597654395246857,43,40,13
CEG,2023-01-20,81.12000274658203,83.0999984741211,80.44999694824219,83.0,82.4110107421875,1795100,False,0.026368766611614552,0.020503942918815445,0.2670486026323283,39,40,13
CEG,2023-01-23,82.93000030517578,84.29000091552734,82.55799865722656,84.13999938964844,83.54292297363281,1596200,True,0.013641493867709102,0.021191858305989755,0.27798115433873494,38,40,13
CEG,2023-01-24,84.0,84.2300033569336,82.9800033569336,83.91000366210938,83.3145523071289,1176000,False,-0.0027373158884986875,0.018529011519229362,0.23566241757944192,40,40,13
CEG,2023-01-25,83.41999816894531,83.55999755859375,82.48999786376953,83.4000015258789,82.80817413330078,1535200,False,-0.0060964535442754215,0.015889014702236304,0.1937068191953455,42,40,13
CEG,2023-01-26,83.62999725341797,86.06999969482422,83.27999877929688,85.87999725341797,85.27056884765625,2161100,False,0.029302585931158996,0.016226210613458893,0.19906563483366432,42,40,13
CEG,2023-01-27,85.87999725341797,86.66000366210938,84.83999633789062,86.58000183105469,85.96561431884766,1455100,False,0.008118018930597784,0.014130175278514779,0.16575483076536476,43,40,13
CEG,2023-01-30,85.91999816894531,86.8499984741211,82.25,82.4000015258789,81.81526947021484,3045800,True,-0.04948348826863926,0.028855177217241946,0.39976885061935263,34,32,10
CEG,2023-01-31,82.87999725341797,85.5,82.37999725341797,85.36000061035156,84.75426483154297,2509000,False,0.03529217296213816,0.033901168081255706,0.4799612072076893,30,32,10
CEG,2023-02-01,85.45500183105469,85.87000274658203,82.875,85.41000366210938,84.80391693115234,2623400,False,0.0005856644664673102,0.03356191834910681,0.47456975164898024,31,32,10
CEG,2023-02-02,85.4800033569336,86.68000030517578,83.75499725341797,85.33000183105469,84.72447967529297,2389600,False,-0.0009371558188882113,0.03063095248031359,0.4279899883412937,32,32,10
CEG,2023-02-03,84.37999725341797,85.16000366210938,83.05000305175781,83.19999694824219,82.6095962524414,1807200,False,-0.025278724968892777,0.03169084018819196,0.4448340325150418,32,32,10
CEG,2023-02-06,83.01000213623047,83.8499984741211,82.51000213623047,83.26000213623047,82.66917419433594,1502000,True,0.0007209388636418177,0.021591268613564134,0.2843286992854541,38,40,13
CEG,2023-02-07,83.33000183105469,86.2699966430664,82.33000183105469,85.93000030517578,85.32022094726562,2032900,False,0.03156469319735972,0.020175640619965494,0.26183112687233373,39,40,13
CEG,2023-02-08,84.75,85.0,84.13999938964844,84.33999633789062,83.74150085449219,2005900,False,-0.018676800009121905,0.022100775606215713,0.2924259328199727,38,40,13
CEG,2023-02-09,84.93000030517578,85.45999908447266,83.93000030517578,84.41999816894531,83.82093048095703,1975000,False,0.000948060156220028,0.022150585108704966,0.2932175199418583,38,40,13
CEG,2023-02-10,84.20999908447266,87.0,84.16999816894531,86.80999755859375,86.1939697265625,1350300,False,0.02791747507684841,0.02100679845635818,0.27504012930484606,38,40,13
CEG,2023-02-13,86.88999938964844,87.30000305175781,85.94000244140625,86.38999938964844,85.7769546508789,1173500,True,-0.004849841850604037,0.021659772468622805,0.2854173825035944,38,40,13
CEG,2023-02-14,85.91999816894531,87.60199737548828,85.1500015258789,86.05999755859375,85.44929504394531,2383100,False,-0.003827217000541068,0.01707936338217023,0.21262418713718664,41,40,13
CEG,2023-02-15,84.5,86.48500061035156,84.36000061035156,86.01000213623047,85.399658203125,2030600,False,-0.0005810611218099288,0.013618923177532471,0.1576298634609456,43,40,13
CEG,2023-02-16,85.0,87.91999816894531,84.92500305175781,85.62999725341797,85.02234649658203,3037600,False,-0.004427976583220758,0.014115524718732892,0.16552199980195048,43,40,13
CEG,2023-02-17,85.19999694824219,86.04000091552734,81.9000015258789,84.55000305175781,83.95001983642578,3570700,False,-0.012692502085870468,0.004473440525202865,0.01228718928799,49,48,16
CEG,2023-02-21,81.61000061035156,83.01000213623047,79.9000015258789,80.37000274658203,79.79967498779297,5056000,True,-0.05070218819930139,0.02075416713074799,0.27102523869273704,39,40,13
CEG,2023-02-22,79.30999755859375,79.30999755859375,76.4000015258789,77.80000305175781,77.24791717529297,3341000,False,-0.03249947833055434,0.021045669320802915,0.2756578764047624,38,40,13
CEG,2023-02-23,78.0,79.44499969482422,78.0,79.22000122070312,78.6578369140625,1584900,False,0.018087314157736664,0.026373623243414475,0.3603312720494851,35,32,10
CEG,2023-02-24,77.7300033569336,79.41000366210938,77.4800033569336,79.2699966430664,78.98865509033203,1529100,False,0.004196968263157761,0.0276093733905478,0.3799701733324294,34,32,10
CEG,2023-02-27,79.41999816894531,80.0999984741211,77.99500274658203,78.37000274658203,78.09185791015625,1326200,True,-0.011418436402798555,0.027638650292936672,0.3804354503928605,34,32,10
CEG,2023-02-28,77.80999755859375,77.98999786376953,74.4000015258789,74.88999938964844,74.62420654296875,3584800,False,-0.045420860234129556,0.02595744502044534,0.3537172465072165,35,32,10
CEG,2023-03-01,74.12999725341797,75.38999938964844,72.83000183105469,74.3499984741211,74.08612060546875,2594400,False,-0.007236730577152747,0.0236709790313488,0.31738006301519467,37,40,13
CEG,2023-03-02,74.12999725341797,76.7300033569336,74.0,76.18000030517578,75.90962219238281,1949900,False,0.024315242480508897,0.025503402002669207,0.34650146261675857,36,32,10
CEG,2023-03-03,76.2300033569336,79.19999694824219,76.0,78.9800033569336,78.69969177246094,2304600,False,0.03609578795897111,0.03216075243496626,0.45230201481506843,31,32,10
CEG,2023-03-06,78.36000061035156,78.87999725341797,77.3499984741211,78.80000305175781,78.52033233642578,2295000,True,-0.0022816370225341646,0.03165746152912096,0.44430356914267394,32,32,10
CEG,2023-03-07,79.06999969482422,79.06999969482422,77.31999969482422,77.9000015258789,77.62351989746094,2203900,False,-0.011487129177639065,0.02105414438013196,0.2757925645162033,38,40,13
CEG,2023-03-08,77.75,78.44999694824219,77.0999984741211,78.06999969482422,77.79291534423828,1261600,False,0.0021798918961626907,0.019744165418212965,0.2549739972875924,39,40,13
CEG,2023-03-09,78.04000091552734,80.19000244140625,77.4000015258789,78.63999938964844,78.36089324951172,3110500,False,0.007274627691487195,0.01799808861575912,0.22722483615224642,40,40,13
CEG,2023-03-10,79.19000244140625,79.77999877929688,77.23999786376953,77.55000305175781,77.27476501464844,2895700,False,-0.013957545199917957,0.00898434101333222,0.08397573376363943,46,48,16
CEG,2023-03-13,76.93000030517578,78.6050033569336,76.48999786376953,77.0999984741211,76.82635498046875,2242400,True,-0.005819702021511335,0.008988524660261024,0.08404222149922908,46,48,16
CEG,2023-03-14,77.5,79.0999984741211,77.16999816894531,77.93000030517578,77.65341186523438,2142800,False,0.010707742559092199,0.010012245499498142,0.10031149126197955,45,48,16
CEG,2023-03-15,77.29000091552734,77.87999725341797,76.3499984741211,77.33000183105469,77.0555419921875,1957000,False,-0.0077290012556596056,0.010462487365628945,0.10746686614330456,45,48,16
CEG,2023-03-16,76.62000274658203,79.04000091552734,76.02999877929688,78.43000030517578,78.15164184570312,1962900,False,0.014124579150939757,0.012259169731967483,0.13602026564010627,44,48,16
CEG,2023-03-17,77.72000122070312,78.45999908447266,75.98500061035156,76.7699966430664,76.49752807617188,3896500,False,-0.021392637968309827,0.014534204338229773,0.17217577826643554,43,40,13
CEG,2023-03-20,77.05999755859375,78.43000030517578,76.91000366210938,77.0,76.72671508789062,1629500,True,0.002991526378680719,0.0144927075133004,0.17151629863761728,43,40,13
CEG,2023-03-21,77.58000183105469,78.11000061035156,75.97000122070312,76.5199966430664,76.2484130859375,2045700,False,-0.006253350676080205,0.01321232766118581,0.15116812908353644,43,40,13
CEG,2023-03-22,76.2699966430664,76.33000183105469,74.4000015258789,74.41999816894531,74.15586853027344,1863400,False,-0.02782739379497215,0.01721416587596556,0.21476650763335048,41,40,13
CEG,2023-03-23,74.66999816894531,75.12999725341797,72.7699966430664,73.4000015258789,73.13949584960938,1655400,False,-0.013800689741170593,0.012163945609393302,0.13450693614762954,44,48,16
CEG,2023-03-24,72.55999755859375,73.5199966430664,71.16000366210938,73.44000244140625,73.17935180664062,2777200,False,0.0005447822841062357,0.012448647147811834,0.13903149592298084,44,48,16
CEG,2023-03-27,73.44000244140625,75.42500305175781,73.44000244140625,75.2699966430664,75.00285339355469,3225500,True,0.024612856028796988,0.019408391014243697,0.24963777265659465,40,40,13
CEG,2023-03-28,75.06999969482422,76.80999755859375,74.85399627685547,75.51000213623047,75.24200439453125,1752200,False,0.00318348603036363,0.019657939100848974,0.25360366353636316,39,40,13
CEG,2023-03-29,76.29000091552734,76.55999755859375,75.42500305175781,75.87999725341797,75.61068725585938,2299500,False,0.004887994922159378,0.013739385083330573,0.1595442791555844,43,40,13
CEG,2023-03-30,76.69000244140625,77.44000244140625,76.0,76.81999969482422,76.54735565185547,1737800,False,0.012311938429913297,0.009706992170542031,0.095460316445156,46,48,16
CEG,2023-03-31,76.81999969482422,78.5999984741211,76.7300033569336,78.5,78.22138977050781,2984400,False,0.021633559184360055,0.009637264897220766,0.0943521903076339,46,48,16
CEG,2023-04-03,78.0,78.55000305175781,76.4800033569336,76.62000274658203,76.34806823730469,1894900,True,-0.024240406692792912,0.017161131982356432,0.21392367754859914,41,40,13
CEG,2023-04-04,76.66999816894531,76.97000122070312,75.12000274658203,76.0199966430664,75.75019073486328,1316200,False,-0.007861767595708717,0.017915285251246894,0.22590890096476243,40,40,13
CEG,2023-04-05,75.87999725341797,77.12000274658203,75.68000030517578,76.5,76.2284927368164,1204800,False,0.006294350894140653,0.017995651711474582,0.22718610815954413,40,40,13
CEG,2023-04-06,76.61000061035156,76.9800033569336,76.16000366210938,76.95999908447266,76.68685913085938,1223000,False,0.005995052311962091,0.017264935859158403,0.2155733589943428,41,40,13
CEG,2023-04-10,76.52999877929688,77.37000274658203,75.86000061035156,77.33000183105469,77.0555419921875,1485500,True,0.00479612085361149,0.013255819761394918,0.15185931820827658,43,40,13
CEG,2023-04-11,77.76000213623047,77.80999755859375,77.17500305175781,77.41999816894531,77.14522552490234,1371500,False,0.0011632048824537988,0.005919141043451708,0.03526268302226446,48,48,16
CEG,2023-04-12,77.93000030517578,77.94999694824219,76.66000366210938,76.80999755859375,76.53738403320312,1171100,False,-0.007910389640656617,0.005939556772333754,0.03558713573227542,48,48,16
CEG,2023-04-13,76.69000244140625,77.58999633789062,76.16999816894531,77.13999938964844,76.86621856689453,1324700,False,0.0042871879379892345,0.005642894157418515,0.0308724870452606,48,48,16
CEG,2023-04-14,76.31999969482422,76.63500213623047,75.5,76.43000030517578,76.15873718261719,1328400,False,-0.00924668034275157,0.006731641797951769,0.04817518167497383,48,48,16
CEG,2023-04-17,76.58000183105469,76.82499694824219,74.66000366210938,75.04000091552734,74.77367401123047,1093300,True,-0.01835393792567734,0.00899926815247134,0.08421296020675983,46,48,16
CEG,2023-04-18,75.33999633789062,75.94999694824219,74.16999816894531,74.4800033569336,74.21566009521484,1235200,False,-0.007490690908323883,0.008057142160542667,0.06924041952407846,47,48,16
CEG,2023-04-19,74.97000122070312,75.4000015258789,74.50299835205078,74.75,74.48470306396484,1039300,False,0.003618595901315389,0.009515017658453497,0.09240940158142397,46,48,16
CEG,2023-04-20,74.73999786376953,76.56999969482422,74.69000244140625,76.47000122070312,76.19860076904297,1926900,False,0.022749323610659004,0.015762971171510386,0.1917036986915589,42,40,13
CEG,2023-04-21,76.81999969482422,76.96499633789062,75.95999908447266,76.55000305175781,76.27831268310547,1178900,False,0.0010455605313555451,0.015200365017857964,0.182762597823889,42,40,13
CEG,2023-04-24,76.43000030517578,77.33499908447266,75.5999984741211,77.29000091552734,77.01568603515625,1094300,True,0.009620455404565761,0.011245244670020721,0.11990667322333166,45,48,16
CEG,2023-04-25,76.63999938964844,77.13999938964844,75.83999633789062,76.93000030517578,76.65696716308594,1722400,False,-0.0046686188616841635,0.010447075889764477,0.10722194247986913,45,48,16
CEG,2023-04-26,76.51000213623047,76.97000122070312,75.45999908447266,75.86000061035156,75.59075927734375,3100600,False,-0.01400645305385112,0.014015167810419575,0.1639270985834487,43,40,13
CEG,2023-04-27,76.2699966430664,77.23999786376953,75.9800033569336,76.75,76.47760009765625,1865700,False,0.011663844841140865,0.01054747444172186,0.10881750551129223,45,48,16
CEG,2023-04-28,76.9000015258789,77.47000122070312,76.30000305175781,77.4000015258789,77.12529754638672,2233400,False,0.008433451419402957,0.011105292831888108,0.11768251784707788,45,48,16
CEG,2023-05-01,77.5199966430664,77.6500015258789,76.76000213623047,77.05000305175781,76.77654266357422,1788300,True,-0.004532180762853295,0.01053270389346953,0.1085827676561559,45,48,16
CEG,2023-05-02,76.7300033569336,77.4000015258789,75.94999694824219,76.79000091552734,76.51746368408203,2554000,False,-0.003380161199256916,0.010424150890220063,0.10685761170960079,45,48,16
CEG,2023-05-03,77.19999694824219,77.5999984741211,76.1500015258789,76.51000213623047,76.23845672607422,1607000,False,-0.003652981403544801,0.007712326049263383,0.0637605014468751,47,48,16
CEG,2023-05-04,76.9800033569336,80.37000274658203,74.91000366210938,78.58999633789062,78.31106567382812,3830400,False,0.026822900242265166,0.013450358185195403,0.15495097950374162,43,40,13
CEG,2023-05-05,79.12000274658203,80.44999694824219,78.27999877929688,79.48999786376953,79.20787811279297,2359300,False,0.01138684792401876,0.013715444157907696,0.15916380299534041,43,40,13
CEG,2023-05-08,79.73999786376953,79.8499984741211,78.08000183105469,78.70999908447266,78.4306411743164,2360100,True,-0.009861082687821876,0.014834661224665143,0.17695072662162958,42,40,13
CEG,2023-05-09,77.9800033569336,79.0999984741211,77.80999755859375,78.94999694824219,78.66979217529297,3158300,False,0.0030445643033454976,0.01427479074926841,0.16805310194963732,43,40,13
CEG,2023-05-10,79.8499984741211,80.12000274658203,78.74500274658203,79.45500183105469,79.17300415039062,1629400,False,0.006376137418445297,0.013332185822867581,0.15307294990082215,43,40,13
CEG,2023-05-11,78.58000183105469,79.55000305175781,78.23999786376953,79.12000274658203,79.12000274658203,2497400,False,-0.0006696619999617378,0.008002369348543186,0.06836995404176198,47,48,16
CEG,2023-05-12,79.44999694824219,80.38999938964844,78.86000061035156,79.8499984741211,79.8499984741211,1991000,False,0.009184133523117966,0.00739804061985119,0.05876578585876692,47,48,16
CEG,2023-05-15,80.62999725341797,81.08999633789062,79.18000030517578,80.2699966430664,80.2699966430664,2048300,True,0.005246054771253901,0.0037002864799877523,0.0,50,48,16
CEG,2023-05-16,80.19000244140625,80.19000244140625,78.33000183105469,79.0,79.0,3709100,False,-0.0159480578559375,0.010047445451182383,0.10087089914705638,45,48,16
CEG,2023-05-17,79.08999633789062,80.62999725341797,78.70999908447266,80.38999938964844,80.38999938964844,2329500,False,0.017441930280466266,0.01249339817320871,0.13974269225350008,44,48,16
CEG,2023-05-18,80.2699966430664,81.47000122070312,79.56199645996094,81.4000015258789,81.4000015258789,2849300,False,0.012485509006447775,0.012892808899466222,0.1460902438540536,44,48,16
CEG,2023-05-19,81.7300033569336,83.23500061035156,81.52999877929688,82.30000305175781,82.30000305175781,2407100,False,0.010995853009984844,0.013040456531363941,0.1484367030264246,44,48,16
CEG,2023-05-22,82.7300033569336,83.95999908447266,82.30999755859375,83.52999877929688,83.52999877929688,1908300,True,0.014834689389946016,0.013587312115204147,0.15712749125087133,43,40,13
CEG,2023-05-23,83.36000061035156,84.55999755859375,83.16500091552734,84.04000091552734,84.04000091552734,2232200,False,0.00608705271688093,0.0042771548507908735,0.009167760176874264,49,48,16
CEG,2023-05-24,84.04000091552734,84.37000274658203,82.55000305175781,83.30999755859375,83.30999755859375,2430300,False,-0.00872432618901005,0.009426502096714924,0.09100268649179133,46,48,16
CEG,2023-05-25,83.19999694824219,83.19999694824219,81.9000015258789,82.75,82.75,1863100,False,-0.006744546424564762,0.010553668592237282,0.10891594475549242,45,48,16
CEG,2023-05-26,82.94999694824219,83.94999694824219,82.30999755859375,83.8499984741211,83.8499984741211,2267100,False,0.013205455814324401,0.010994094285194812,0.11591531815352939,45,48,16
CEG,2023-05-30,83.86000061035156,85.04499816894531,83.13500213623047,83.69999694824219,83.69999694824219,2198200,True,-0.0017905290367345448,0.009157214880642826,0.08672309561699595,46,48,16
CEG,2023-05-31,83.52999877929688,84.55000305175781,82.44999694824219,84.0199966430664,84.0199966430664,5214700,False,0.003815884752490729,0.0088563885592436,0.0819422760937487,46,48,16
CEG,2023-06-01,84.875,89.16200256347656,84.79000091552734,88.87999725341797,88.87999725341797,3646900,False,0.056232288641983166,0.025308160672471738,0.3433986305280928,36,32,10
CEG,2023-06-02,88.66000366210938,89.05000305175781,87.2699966430664,87.54000091552734,87.54000091552734,3225600,False,-0.01519127220809811,0.027164739768099928,0.3729039262932619,35,32,10
CEG,2023-06-05,87.81999969482422,88.80999755859375,87.18000030517578,87.51000213623047,87.51000213623047,1819000,True,-0.0003427452621257623,0.027593784731898847,0.3797224338285738,34,32,10
CEG,2023-06-06,87.13999938964844,89.88999938964844,87.13999938964844,89.55000305175781,89.55000305175781,2311500,False,0.023044065626522347,0.027503317021559667,0.37828469462476577,34,32,10
CEG,2023-06-07,89.55000305175781,90.87999725341795,89.12999725341797,90.80999755859376,90.80999755859376,2452100,False,0.013972222231429094,0.026978250171100678,0.3699401792977544,35,32,10
CEG,2023-06-08,91.48999786376952,92.46800231933594,91.05999755859376,92.3000030517578,92.3000030517578,3075700,False,0.016274789755307058,0.015304360847072674,0.1844153298332871,42,40,13
CEG,2023-06-09,92.3000030517578,93.7699966430664,92.08999633789062,93.29000091552734,93.29000091552734,2530100,False,0.01066875621437682,0.00859700206801017,0.07782003042193568,46,48,16
CEG,2023-06-12,93.0,94.0199966430664,92.87999725341795,93.75,93.75,1720700,True,0.004918734063872676,0.006713523986313719,0.047887248135133224,48,48,16
CEG,2023-06-13,93.95999908447266,95.33000183105467,93.58999633789062,94.25,94.25,2429900,False,0.005319161477600027,0.005075975166991648,0.02186284531934424,49,48,16
CEG,2023-06-14,94.52999877929688,95.0,92.7699966430664,93.1999969482422,93.1999969482422,2573200,False,-0.011203137380757514,0.010267842938404232,0.10437352021054541,45,48,16
CEG,2023-06-15,93.72000122070312,93.75,92.95999908447266,93.45999908447266,93.45999908447266,3712300,False,0.00278583852899034,0.008191217538725079,0.07137118448713027,47,48,16
CEG,2023-06-16,93.58999633789062,94.5199966430664,92.73999786376952,92.88999938964844,92.88999938964844,4963400,False,-0.0061175366476154,0.007407599529067222,0.058917698828311584,47,48,16
CEG,2023-06-20,93.12999725341795,93.36000061035156,91.88999938964844,91.98999786376952,91.98999786376952,1846900,True,-0.009736138562092675,0.007448944069444072,0.059574758306664255,47,48,16
CEG,2023-06-21,90.87999725341795,91.03500366210938,89.18499755859375,90.5,90.5,2684900,False,-0.016330001560764446,0.0071145790264767975,0.05426093165122363,47,48,16
CEG,2023-06-22,90.5,90.68499755859376,87.86499786376953,89.25,89.25,3205600,False,-0.013908430046132,0.007500072462445479,0.060387305620730546,47,48,16
CEG,2023-06-23,89.63999938964844,90.6999969482422,89.12000274658203,90.36000061035156,90.36000061035156,2875900,False,0.012360277694719441,0.011374744300058538,0.12196471906406268,45,48,16
CEG,2023-06-26,90.25,91.1999969482422,89.69000244140625,90.62999725341795,90.62999725341795,1890400,True,0.00298355540678184,0.012198864673416784,0.13506188008418568,44,48,16
CEG,2023-06-27,90.97000122070312,91.01499938964844,89.9800033569336,90.8499984741211,90.8499984741211,1472800,False,0.0024245242853452296,0.012212383189596313,0.13527672028093377,44,48,16
CEG,2023-06-28,90.9000015258789,90.9000015258789,89.70999908447266,90.5500030517578,90.5500030517578,1605400,False,-0.0033075600147126206,0.009642091879263537,0.09442890211224299,46,48,16
CEG,2023-06-29,90.51000213623048,91.34500122070312,90.13999938964844,90.87000274658205,90.87000274658205,1738700,False,0.003527725900772194,0.005617468178371416,0.030468409980259608,48,48,16
CEG,2023-06-30,92.0500030517578,92.29000091552734,91.04000091552734,91.5500030517578,91.5500030517578,2666400,False,0.007455360522193408,0.0038571678390808663,0.0024932042545258914,49,48,16
CEG,2023-07-03,91.01000213623048,91.73999786376952,90.33000183105467,91.5999984741211,91.5999984741211,1089100,True,0.0005459505671699312,0.003952091701268456,0.004001761921480195,49,48,16
CEG,2023-07-05,91.41999816894533,93.20999908447266,91.3499984741211,92.13999938964844,92.13999938964844,2087300,True,0.0058778978615772835,0.004302803589865992,0.00957537740912526,49,48,16
CEG,2023-07-06,91.47000122070312,91.47000122070312,89.8499984741211,91.0,91.0,2263300,False,-0.012449646366744976,0.00795225987804949,0.06757359974097618,47,48,16
CEG,2023-07-07,91.0,91.70999908447266,90.66000366210938,91.33000183105467,91.33000183105467,1334000,False,0.003619834235512913,0.007959707260788828,0.06769195571671564,47,48,16
CEG,2023-07-10,91.37999725341795,93.62999725341795,91.37999725341795,93.5999984741211,93.5999984741211,1539300,True,0.024551026429058136,0.013300533616457395,0.1525699238170147,43,40,13
CEG,2023-07-11,93.83999633789062,94.43000030517578,92.86000061035156,94.36000061035156,94.36000061035156,1260900,False,0.008086893826382502,0.01317711594035844,0.15060853415980896,43,40,13
CEG,2023-07-12,94.94000244140624,96.16000366210938,94.08000183105467,96.05999755859376,96.05999755859376,1532600,False,0.01785570981344411,0.014211784484562739,0.1670517880387046,43,40,13
CEG,2023-07-13,95.8499984741211,96.06999969482422,94.87999725341795,95.2699966430664,95.2699966430664,1462400,False,-0.00825804033855896,0.012725285577639354,0.14342791442801156,44,48,16
CEG,2023-07-14,94.88999938964844,95.53500366210938,94.6989974975586,95.0,95.0,1259900,False,-0.0028380388821478363,0.013718540518075395,0.15921301125302176,43,40,13
CEG,2023-07-17,94.47000122070312,96.91999816894533,94.47000122070312,96.18000030517578,96.18000030517578,1951400,True,0.01234454742194093,0.010781823745433216,0.11254185290626569,45,48,16
CEG,2023-07-18,96.0,96.6500015258789,93.88999938964844,95.37000274658205,95.37000274658205,1925300,False,-0.008457346632436512,0.012209828287993234,0.13523611704047542,44,48,16
CEG,2023-07-19,94.83000183105467,95.54000091552734,93.93000030517578,94.7300033569336,94.7300033569336,1785300,False,-0.006733317065744365,0.00875535341514549,0.08033659615460094,46,48,16
CEG,2023-07-20,95.5,97.31999969482422,95.23999786376952,96.88999938964844,96.88999938964844,1600300,False,0.022545532773184027,0.013497651865520115,0.155702584446989,43,40,13
CEG,2023-07-21,97.58000183105467,98.1500015258789,96.30999755859376,96.5999984741211,96.5999984741211,5081100,False,-0.0029975826748606157,0.013516179389317163,0.15599702925179984,43,40,13
CEG,2023-07-24,96.5999984741211,96.80999755859376,95.76000213623048,96.5500030517578,96.5500030517578,1077800,True,-0.0005176849400454427,0.012564536506682523,0.1408732433699748,44,48,16
CEG,2023-07-25,95.9499969482422,98.16000366210938,95.9000015258789,97.5199966430664,97.5199966430664,854800,False,0.009996410267409599,0.011868251336714743,0.12980767663749515,44,48,16
CEG,2023-07-26,96.66999816894533,98.23999786376952,96.66999816894533,97.33999633789062,97.33999633789062,1243000,False,-0.0018474839665154653,0.010876054813011425,0.11403940047949307,45,48,16
CEG,2023-07-27,97.7300033569336,97.75,95.1999969482422,95.41999816894533,95.41999816894533,897900,False,-0.019921785884934512,0.010755546255602369,0.11212424338386445,45,48,16
CEG,2023-07-28,96.26000213623048,96.66000366210938,95.26000213623048,95.73999786376952,95.73999786376952,1135900,False,0.003347980752992707,0.011132183653102541,0.11810987461047592,45,48,16
CEG,2023-07-31,95.83999633789062,96.69000244140624,95.4000015258789,96.6500015258789,96.6500015258789,1170200,True,0.009460059790484782,0.012254655794067294,0.13594852882419345,44,48,16
CEG,2023-08-01,96.23999786376952,97.08999633789062,96.06999969482422,96.3000030517578,96.3000030517578,1469600,False,-0.0036278709478244887,0.010982449803864567,0.11573026066446797,45,48,16
CEG,2023-08-02,95.98999786376952,96.0250015258789,94.43000030517578,95.5500030517578,95.5500030517578,2040300,False,-0.00781864786905282,0.011213555192221636,0.1194030548117555,45,48,16
CEG,2023-08-03,95.97000122070312,103.57440185546876,95.8499984741211,102.88999938964844,102.88999938964844,2047320,False,0.07401074783050154,0.03360204383392724,0.4752074375413483,30,32,10
