Ticker,Date,Open,High,Low,Close,Adj Close,Volume
OGN,2021-05-14,31.0,33.25,31.0,33.25,30.766170501708984,342900
OGN,2021-05-17,34.0,35.0,34.0,34.099998474121094,31.55267333984375,31500
OGN,2021-05-18,34.47999954223633,38.42100143432617,34.47999954223633,37.5,34.69868850708008,48900
OGN,2021-05-19,37.0,37.75,37.0,37.5,34.69868850708008,43900
OGN,2021-05-20,37.5,37.75,37.5,37.75,34.930015563964844,22900
OGN,2021-05-21,38.5,38.5,37.5,37.59999847412109,34.79121780395508,18300
OGN,2021-05-24,38.0,38.25,37.900001525878906,38.0,35.161338806152344,30600
OGN,2021-05-25,38.75,38.75,36.900001525878906,36.95000076293945,34.18977737426758,35800
OGN,2021-05-26,38.0,38.0,36.0,36.83000183105469,34.078739166259766,44400
OGN,2021-05-27,37.0,37.0,35.5,35.5,32.84809494018555,40700
OGN,2021-05-28,36.0,37.10900115966797,35.75,35.75,33.07941818237305,60800
OGN,2021-06-01,36.650001525878906,37.45899963378906,35.900001525878906,36.0,33.31074142456055,52000
OGN,2021-06-02,36.5,36.7400016784668,34.5,35.2599983215332,32.626014709472656,1306900
OGN,2021-06-03,34.150001525878906,38.2400016784668,32.220001220703125,37.0,34.23603820800781,22326000
OGN,2021-06-04,36.150001525878906,36.16999816894531,33.709999084472656,34.150001525878906,31.598936080932617,7502300
OGN,2021-06-07,33.599998474121094,33.880001068115234,30.850000381469727,31.420000076293945,29.0728759765625,11513100
OGN,2021-06-08,30.32999992370605,30.90999984741211,28.530000686645508,28.90999984741211,26.75037384033203,18500300
OGN,2021-06-09,28.299999237060547,29.440000534057617,27.25,28.450000762939453,26.32473945617676,14563600
OGN,2021-06-10,28.459999084472656,31.15999984741211,28.39999961853028,30.32999992370605,28.064298629760746,11205900
OGN,2021-06-11,30.3799991607666,30.3799991607666,29.39999961853028,29.64999961853028,27.435096740722656,5728900
OGN,2021-06-14,30.07999992370605,30.6299991607666,29.270000457763672,30.280000686645508,28.01803398132324,6972000
OGN,2021-06-15,30.030000686645508,32.09000015258789,29.799999237060547,31.809999465942383,29.43374252319336,6339100
OGN,2021-06-16,31.520000457763672,31.64999961853028,30.270000457763672,30.700000762939453,28.40666007995605,5288100
OGN,2021-06-17,30.489999771118164,31.729999542236328,30.100000381469727,31.459999084472656,29.109888076782227,5086400
OGN,2021-06-18,31.5,31.709999084472656,29.959999084472656,29.979999542236328,27.74044418334961,10213800
OGN,2021-06-21,30.200000762939453,30.670000076293945,29.36000061035156,29.40999984741211,27.21302604675293,3542700
OGN,2021-06-22,29.25,29.8700008392334,28.84499931335449,29.530000686645508,27.324064254760746,4218300
OGN,2021-06-23,29.530000686645508,30.07999992370605,29.100000381469727,29.5,27.296300888061523,3880900
OGN,2021-06-24,29.38999938964844,30.06999969482422,29.299999237060547,29.770000457763672,27.54613304138184,2769600
OGN,2021-06-25,29.770000457763672,30.8700008392334,29.209999084472656,30.190000534057617,27.934757232666016,13582700
OGN,2021-06-28,29.690000534057617,31.030000686645508,29.40999984741211,30.940000534057617,28.62873268127441,3106200
OGN,2021-06-29,30.979999542236328,31.31999969482422,30.459999084472656,30.549999237060547,28.26786231994629,2256700
OGN,2021-06-30,30.32999992370605,30.82999992370605,30.25,30.26000022888184,27.99952888488769,2011100
OGN,2021-07-01,30.11000061035156,31.239999771118164,30.059999465942383,30.81999969482422,28.5176944732666,2437100
OGN,2021-07-02,30.709999084472656,31.1200008392334,30.299999237060547,30.86000061035156,28.55470848083496,1813100
OGN,2021-07-06,30.600000381469727,31.100000381469727,29.89999961853028,31.0,28.684249877929688,2853500
OGN,2021-07-07,31.0,31.040000915527344,29.8700008392334,30.1200008392334,27.86998748779297,2936200
OGN,2021-07-08,29.64999961853028,30.18000030517578,29.26000022888184,29.64999961853028,27.435096740722656,1931400
OGN,2021-07-09,29.950000762939453,30.280000686645508,29.59000015258789,30.100000381469727,27.851482391357425,2345700
OGN,2021-07-12,29.770000457763672,30.3799991607666,29.56999969482422,29.739999771118164,27.51837158203125,1855700
OGN,2021-07-13,29.5,29.88500022888184,28.959999084472656,29.100000381469727,26.92618560791016,2047900
OGN,2021-07-14,28.979999542236328,29.39999961853028,28.84000015258789,29.34000015258789,27.148256301879883,2004600
OGN,2021-07-15,28.850000381469727,29.489999771118164,28.690000534057617,28.90999984741211,26.75037384033203,2112300
OGN,2021-07-16,28.770000457763672,29.0,28.420000076293945,28.8700008392334,26.713367462158203,1757700
OGN,2021-07-19,28.6299991607666,29.170000076293945,28.540000915527344,29.13999938964844,26.963191986083984,2261600
OGN,2021-07-20,29.170000076293945,29.780000686645508,29.059999465942383,29.61000061035156,27.39808464050293,1922600
OGN,2021-07-21,29.65999984741211,30.5,29.530000686645508,30.459999084472656,28.18458747863769,2068400
OGN,2021-07-22,30.43000030517578,31.059999465942383,30.25,30.920000076293945,28.610225677490234,2221100
OGN,2021-07-23,30.88999938964844,30.920000076293945,29.71199989318848,29.799999237060547,27.57389259338379,1618100
OGN,2021-07-26,29.709999084472656,30.209999084472656,29.18000030517578,29.65999984741211,27.444351196289062,1526900
OGN,2021-07-27,29.36000061035156,29.63999938964844,28.825000762939453,29.1200008392334,26.94468879699707,2005300
OGN,2021-07-28,29.1299991607666,29.8700008392334,29.0,29.739999771118164,27.51837158203125,1854600
OGN,2021-07-29,29.59000015258789,29.86000061035156,29.209999084472656,29.229999542236328,27.046470642089844,1777000
OGN,2021-07-30,29.059999465942383,29.39999961853028,28.90999984741211,29.01000022888184,26.842905044555664,1504200
OGN,2021-08-02,29.07999992370605,29.63500022888184,29.040000915527344,29.530000686645508,27.324064254760746,1761600
OGN,2021-08-03,29.280000686645508,29.57999992370605,29.01000022888184,29.51000022888184,27.30555534362793,1386700
OGN,2021-08-04,29.31999969482422,29.31999969482422,28.61000061035156,28.6299991607666,26.49129295349121,1851700
OGN,2021-08-05,28.63999938964844,29.57999992370605,28.5,29.559999465942383,27.351821899414062,2190600
OGN,2021-08-06,29.489999771118164,29.780000686645508,29.170000076293945,29.5,27.296300888061523,1298600
OGN,2021-08-09,29.780000686645508,30.0,28.920000076293945,29.100000381469727,26.92618560791016,1982600
OGN,2021-08-10,29.07999992370605,30.48500061035156,28.920000076293945,30.350000381469727,28.08280563354492,2980200
OGN,2021-08-11,30.350000381469727,30.39999961853028,29.71999931335449,29.93000030517578,27.69417953491211,1868800
OGN,2021-08-12,31.059999465942383,34.0,31.0,33.5,30.99749755859375,7826700
OGN,2021-08-13,33.5,34.4900016784668,32.86000061035156,34.209999084472656,31.65445899963379,3441500
OGN,2021-08-16,34.2400016784668,34.790000915527344,33.90999984741211,34.33000183105469,31.76549530029297,2742100
OGN,2021-08-17,34.7400016784668,35.81999969482422,34.439998626708984,35.380001068115234,32.737060546875,4683500
OGN,2021-08-18,35.880001068115234,36.4900016784668,33.54199981689453,33.59000015258789,31.08077049255371,4685000
OGN,2021-08-19,33.400001525878906,34.56700134277344,33.01499938964844,34.099998474121094,31.55267333984375,2501300
OGN,2021-08-20,33.95000076293945,34.459999084472656,33.150001525878906,33.220001220703125,30.99289894104004,2354600
OGN,2021-08-23,33.54999923706055,33.790000915527344,32.86000061035156,33.2400016784668,31.01156044006348,2473600
OGN,2021-08-24,33.349998474121094,33.81999969482422,32.959999084472656,33.15999984741211,30.936920166015625,2117500
OGN,2021-08-25,33.0099983215332,33.61000061035156,32.369998931884766,33.29999923706055,31.06753730773925,1929400
OGN,2021-08-26,33.220001220703125,34.36000061035156,33.220001220703125,33.959999084472656,31.68328857421875,1607900
OGN,2021-08-27,33.97999954223633,34.31999969482422,33.72999954223633,34.25,31.95384407043457,1165700
OGN,2021-08-30,34.09000015258789,34.2400016784668,33.65999984741211,33.720001220703125,31.459381103515625,1069000
OGN,2021-08-31,33.540000915527344,34.097999572753906,33.41999816894531,33.88999938964844,31.617979049682617,1694600
OGN,2021-09-01,34.45000076293945,35.369998931884766,34.2599983215332,34.560001373291016,32.243064880371094,2738500
OGN,2021-09-02,35.119998931884766,35.63999938964844,34.349998474121094,35.61000061035156,33.2226676940918,2560100
OGN,2021-09-03,35.470001220703125,35.650001525878906,34.86000061035156,35.61000061035156,33.2226676940918,1466400
OGN,2021-09-07,35.279998779296875,35.75,34.869998931884766,35.63999938964844,33.25065994262695,2247200
OGN,2021-09-08,35.529998779296875,35.529998779296875,34.75,34.970001220703125,32.625572204589844,2185000
OGN,2021-09-09,34.970001220703125,35.0,34.2400016784668,34.68000030517578,32.355018615722656,1573500
OGN,2021-09-10,34.90999984741211,35.0,33.869998931884766,33.880001068115234,31.60865592956543,1658400
OGN,2021-09-13,34.16999816894531,34.18000030517578,33.53099822998047,33.83000183105469,31.5620059967041,1950100
OGN,2021-09-14,33.75,33.880001068115234,33.25,33.41999816894531,31.179487228393555,1570200
OGN,2021-09-15,33.5,34.2599983215332,33.2400016784668,33.720001220703125,31.459381103515625,1953200
OGN,2021-09-16,33.88999938964844,34.09000015258789,33.02000045776367,33.7599983215332,31.496692657470703,1280600
OGN,2021-09-17,33.70000076293945,34.08000183105469,33.2599983215332,34.029998779296875,31.748592376708984,4341400
OGN,2021-09-20,33.2400016784668,33.70000076293945,32.77000045776367,32.939998626708984,30.731672286987305,1937300
OGN,2021-09-21,33.189998626708984,33.38999938964844,32.75,32.88999938964844,30.685022354125977,1162900
OGN,2021-09-22,33.09000015258789,33.2400016784668,32.59000015258789,32.650001525878906,30.461111068725582,1332100
OGN,2021-09-23,32.7599983215332,33.470001220703125,32.68000030517578,33.380001068115234,31.14217758178711,1608400
OGN,2021-09-24,33.5,33.95000076293945,33.0,33.689998626708984,31.43138885498047,1888100
OGN,2021-09-27,33.689998626708984,33.869998931884766,33.41999816894531,33.540000915527344,31.291444778442383,1281300
OGN,2021-09-28,33.5,33.52000045776367,32.89500045776367,33.040000915527344,30.82496452331543,1286800
OGN,2021-09-29,33.02000045776367,34.0,33.0099983215332,33.97999954223633,31.70194435119629,1306300
OGN,2021-09-30,33.92499923706055,34.16999816894531,32.779998779296875,32.790000915527344,30.59173011779785,1481600
OGN,2021-10-01,32.880001068115234,33.599998474121094,32.560001373291016,33.33000183105469,31.09552574157715,1497500
OGN,2021-10-04,33.18000030517578,33.58000183105469,32.81999969482422,32.939998626708984,30.731672286987305,1784800
OGN,2021-10-05,32.68000030517578,33.13999938964844,32.4900016784668,32.529998779296875,30.34915542602539,2452800
OGN,2021-10-06,32.22999954223633,33.13999938964844,31.920000076293945,33.06999969482422,30.852951049804688,2533300
OGN,2021-10-07,32.9900016784668,33.31999969482422,32.7400016784668,32.84000015258789,30.63837432861328,1339600
OGN,2021-10-08,32.790000915527344,32.869998931884766,32.220001220703125,32.56999969482422,30.38647651672364,1249000
OGN,2021-10-11,32.58000183105469,33.25699996948242,32.54999923706055,33.209999084472656,30.98356819152832,1319400
OGN,2021-10-12,33.18000030517578,33.540000915527344,32.7599983215332,32.84000015258789,30.63837432861328,1271300
OGN,2021-10-13,33.0,33.32500076293945,32.65999984741211,33.150001525878906,30.927589416503903,1251100
OGN,2021-10-14,33.150001525878906,33.939998626708984,33.099998474121094,33.63999938964844,31.38474464416504,1624700
OGN,2021-10-15,33.959999084472656,35.25,33.7599983215332,34.88999938964844,32.55093765258789,1675900
OGN,2021-10-18,34.81999969482422,35.119998931884766,34.459999084472656,34.79999923706055,32.466976165771484,1236200
OGN,2021-10-19,34.83000183105469,35.38999938964844,34.70000076293945,35.060001373291016,32.70954513549805,1246500
OGN,2021-10-20,35.189998626708984,36.220001220703125,34.97999954223633,35.7599983215332,33.36261367797852,1161000
OGN,2021-10-21,35.65999984741211,35.75,35.130001068115234,35.36000061035156,32.98942947387695,1100500
OGN,2021-10-22,35.33000183105469,35.790000915527344,35.11000061035156,35.65999984741211,33.26932144165039,765500
OGN,2021-10-25,35.4900016784668,36.959999084472656,35.40999984741211,36.90999984741211,34.43551254272461,1497900
OGN,2021-10-26,36.77999877929688,37.34000015258789,36.5,36.709999084472656,34.24892807006836,1598500
OGN,2021-10-27,36.70000076293945,36.70000076293945,35.51499938964844,35.720001220703125,33.32529830932617,1013500
OGN,2021-10-28,35.86000061035156,36.68000030517578,35.619998931884766,36.52000045776367,34.07166290283203,1282500
OGN,2021-10-29,36.459999084472656,37.229000091552734,36.380001068115234,36.75,34.2862434387207,1800000
OGN,2021-11-01,36.70000076293945,37.310001373291016,36.47999954223633,37.130001068115234,34.640769958496094,1108600
OGN,2021-11-02,37.220001220703125,37.29999923706055,36.400001525878906,36.4900016784668,34.04367446899414,1326000
OGN,2021-11-03,36.220001220703125,37.02000045776367,36.220001220703125,36.81999969482422,34.3515510559082,1549600
OGN,2021-11-04,36.810001373291016,37.18999862670898,36.20000076293945,36.2599983215332,33.8290901184082,1777200
OGN,2021-11-05,36.380001068115234,36.720001220703125,35.540000915527344,36.27999877929688,33.847747802734375,2381000
OGN,2021-11-08,36.54999923706055,37.34999847412109,36.40999984741211,36.9900016784668,34.510154724121094,3474500
OGN,2021-11-09,36.95000076293945,37.0,36.43000030517578,36.63999938964844,34.18362045288086,2567400
OGN,2021-11-10,36.540000915527344,37.369998931884766,36.23199844360352,36.630001068115234,34.174293518066406,4025500
OGN,2021-11-11,35.40999984741211,35.435001373291016,32.75,34.720001220703125,32.392337799072266,5810200
OGN,2021-11-12,34.650001525878906,34.720001220703125,33.52000045776367,33.70000076293945,31.440717697143555,2531700
OGN,2021-11-15,33.70000076293945,33.75,33.0099983215332,33.380001068115234,31.14217758178711,2553500
OGN,2021-11-16,33.310001373291016,33.7599983215332,32.900001525878906,33.540000915527344,31.291444778442383,2385400
OGN,2021-11-17,33.45000076293945,33.529998779296875,32.630001068115234,32.95000076293945,30.74100112915039,2008700
OGN,2021-11-18,32.939998626708984,32.9900016784668,31.339000701904297,31.600000381469727,29.48150634765625,2625800
OGN,2021-11-19,31.61000061035156,31.81999969482422,30.8799991607666,31.25,29.41561508178711,2631300
OGN,2021-11-22,31.459999084472656,31.989999771118164,31.450000762939453,31.63999938964844,29.7827205657959,2183200
OGN,2021-11-23,31.690000534057617,31.690000534057617,30.950000762939453,31.200000762939453,29.368549346923828,2008500
OGN,2021-11-24,31.26000022888184,31.63999938964844,30.959999084472656,31.540000915527344,29.68859100341797,1872700
OGN,2021-11-26,31.059999465942383,31.600000381469727,30.709999084472656,31.1299991607666,29.302654266357425,1287200
OGN,2021-11-29,31.040000915527344,31.05500030517578,30.1299991607666,30.6200008392334,28.82259559631348,2286900
OGN,2021-11-30,30.38999938964844,30.489999771118164,29.049999237060547,29.229999542236328,27.51418876647949,3273000
OGN,2021-12-01,29.56999969482422,29.959999084472656,28.56999969482422,28.729999542236328,27.04353904724121,2858600
OGN,2021-12-02,28.88999938964844,29.96999931335449,28.700000762939453,29.670000076293945,27.928361892700195,2700900
OGN,2021-12-03,29.68000030517578,29.790000915527344,28.5,28.82999992370605,27.13766860961914,2416100
OGN,2021-12-06,29.100000381469727,29.670000076293945,28.799999237060547,29.309999465942383,27.589494705200195,2134800
OGN,2021-12-07,29.51000022888184,29.690000534057617,29.07999992370605,29.309999465942383,27.589494705200195,2348900
OGN,2021-12-08,29.3799991607666,29.479999542236328,28.75,29.32999992370605,27.608318328857425,2155600
OGN,2021-12-09,29.43000030517578,29.540000915527344,28.600000381469727,28.670000076293945,26.987060546875,2045900
OGN,2021-12-10,28.76000022888184,29.190000534057617,28.549999237060547,28.739999771118164,27.05295181274414,2252800
OGN,2021-12-13,28.8799991607666,29.3799991607666,28.64999961853028,28.8700008392334,27.175323486328125,2693200
OGN,2021-12-14,28.93000030517578,29.489999771118164,28.61000061035156,28.850000381469727,27.156497955322266,3676900
OGN,2021-12-15,28.90999984741211,29.450000762939453,28.770000457763672,29.32999992370605,27.608318328857425,2113200
OGN,2021-12-16,29.709999084472656,30.96999931335449,29.479999542236328,30.32999992370605,28.549617767333984,2527800
OGN,2021-12-17,30.350000381469727,30.489999771118164,29.6200008392334,30.190000534057617,28.417837142944336,4749400
OGN,2021-12-20,30.0,30.18000030517578,28.989999771118164,29.36000061035156,27.636558532714844,1855500
OGN,2021-12-21,29.299999237060547,30.059999465942383,29.25,29.790000915527344,28.041318893432617,1555300
OGN,2021-12-22,29.90999984741211,30.059999465942383,29.530000686645508,30.01000022888184,28.24840545654297,1160000
OGN,2021-12-23,30.0,30.3799991607666,29.89999961853028,30.21999931335449,28.446075439453125,957700
OGN,2021-12-27,30.170000076293945,30.280000686645508,29.82699966430664,30.09000015258789,28.323705673217773,1250100
OGN,2021-12-28,29.93000030517578,30.229999542236328,29.850000381469727,29.88999938964844,28.135448455810547,1256700
OGN,2021-12-29,29.8799991607666,29.979999542236328,29.6299991607666,29.81999969482422,28.069555282592773,1309100
OGN,2021-12-30,29.940000534057617,30.799999237060547,29.940000534057617,30.729999542236328,28.92613983154297,1385100
OGN,2021-12-31,30.575000762939453,30.770000457763672,30.39999961853028,30.450000762939453,28.662574768066406,1018800
OGN,2022-01-03,30.56999969482422,31.18000030517578,30.28499984741211,31.15999984741211,29.33089637756348,1331900
OGN,2022-01-04,31.21500015258789,31.63500022888184,30.739999771118164,31.520000457763672,29.66976547241211,1641700
OGN,2022-01-05,31.6200008392334,32.0,31.049999237060547,31.100000381469727,29.2744197845459,1979300
OGN,2022-01-06,31.049999237060547,31.88999938964844,30.40999984741211,31.51000022888184,29.66035270690918,2012000
OGN,2022-01-07,31.520000457763672,32.470001220703125,31.520000457763672,32.40999984741211,30.507518768310547,1350800
OGN,2022-01-10,31.989999771118164,32.540000915527344,31.690000534057617,32.209999084472656,30.31926155090332,2822500
OGN,2022-01-11,32.29999923706055,32.790000915527344,32.02000045776367,32.75,30.827566146850582,2090100
OGN,2022-01-12,32.86000061035156,32.900001525878906,32.2599983215332,32.61000061035156,30.695781707763672,1569800
OGN,2022-01-13,32.38999938964844,33.18000030517578,32.29999923706055,32.900001525878906,30.968759536743164,1578600
OGN,2022-01-14,32.849998474121094,33.34000015258789,32.290000915527344,32.86000061035156,30.93111038208008,1771100
OGN,2022-01-18,32.665000915527344,33.06999969482422,31.39999961853028,32.06999969482422,30.18747901916504,1900400
OGN,2022-01-19,32.029998779296875,32.72999954223633,32.0,32.2400016784668,30.347501754760746,1992500
OGN,2022-01-20,32.209999084472656,32.709999084472656,31.780000686645508,31.81999969482422,29.952157974243164,1740200
OGN,2022-01-21,31.75,31.770000457763672,30.655000686645508,30.96999931335449,29.152050018310547,1900600
OGN,2022-01-24,30.31999969482422,30.6299991607666,28.941999435424805,30.450000762939453,28.662574768066406,2614600
OGN,2022-01-25,29.93000030517578,31.00200080871582,29.6299991607666,30.709999084472656,28.90731239318848,1955200
OGN,2022-01-26,30.850000381469727,31.489999771118164,30.325000762939453,30.729999542236328,28.92613983154297,1374900
OGN,2022-01-27,31.100000381469727,31.63999938964844,30.479999542236328,30.700000762939453,28.897899627685547,1939100
OGN,2022-01-28,30.459999084472656,31.46999931335449,30.40999984741211,31.450000762939453,29.60387420654297,1680900
OGN,2022-01-31,31.200000762939453,32.099998474121094,31.200000762939453,31.90999984741211,30.03687286376953,4413700
OGN,2022-02-01,32.18000030517578,33.02000045776367,32.0099983215332,32.9900016784668,31.0534782409668,1846600
OGN,2022-02-02,33.08000183105469,33.479000091552734,32.65999984741211,33.33000183105469,31.373516082763672,1693700
OGN,2022-02-03,32.91999816894531,33.560001373291016,32.66999816894531,32.91999816894531,30.987585067749023,1663700
OGN,2022-02-04,32.689998626708984,33.470001220703125,32.689998626708984,33.119998931884766,31.17584228515625,1627400
OGN,2022-02-07,33.29999923706055,33.75,33.029998779296875,33.52000045776367,31.552364349365234,1090100
OGN,2022-02-08,33.41999816894531,33.95000076293945,33.05500030517578,33.75,31.76886367797852,1635500
OGN,2022-02-09,33.91999816894531,34.66999816894531,33.79999923706055,34.59000015258789,32.55955505371094,1557700
OGN,2022-02-10,34.27000045776367,35.08000183105469,34.27000045776367,34.45000076293945,32.42778015136719,1329400
OGN,2022-02-11,34.400001525878906,35.34000015258789,34.400001525878906,34.720001220703125,32.68192672729492,1474500
OGN,2022-02-14,34.70000076293945,34.83000183105469,34.220001220703125,34.380001068115234,32.36188125610352,1782300
OGN,2022-02-15,34.79999923706055,35.30899810791016,34.79999923706055,35.220001220703125,33.15257263183594,1931800
OGN,2022-02-16,35.29999923706055,36.4900016784668,35.220001220703125,36.34000015258789,34.20683288574219,3114100
OGN,2022-02-17,35.38999938964844,36.93999862670898,34.88999938964844,36.369998931884766,34.23506164550781,4587400
OGN,2022-02-18,36.459999084472656,37.18000030517578,35.81999969482422,36.09000015258789,33.97150802612305,3145100
OGN,2022-02-22,36.09999847412109,36.61000061035156,35.84000015258789,35.97999954223633,33.86796188354492,2219900
OGN,2022-02-23,35.900001525878906,36.27999877929688,35.44499969482422,35.5,33.4161376953125,2244400
OGN,2022-02-24,34.75,36.130001068115234,34.459999084472656,36.02999877929688,33.9150276184082,2440000
OGN,2022-02-25,35.685001373291016,37.7599983215332,35.5099983215332,37.56999969482422,35.64160919189453,3494900
OGN,2022-02-28,36.540000915527344,37.790000915527344,36.400001525878906,37.33000183105469,35.4139289855957,2846700
OGN,2022-03-01,37.27000045776367,37.86000061035156,37.0,37.459999084472656,35.53725051879883,3675000
OGN,2022-03-02,37.52000045776367,39.47499847412109,37.44499969482422,39.36000061035156,37.3397331237793,3434400
OGN,2022-03-03,39.130001068115234,39.209999084472656,38.31999969482422,39.02000045776367,37.01718521118164,1353300
OGN,2022-03-04,38.38999938964844,38.869998931884766,37.59999847412109,38.81999969482422,36.82745361328125,2890000
OGN,2022-03-07,38.58000183105469,39.20500183105469,37.810001373291016,38.41999816894531,36.447975158691406,2688800
OGN,2022-03-08,38.31999969482422,38.59999847412109,36.630001068115234,36.650001525878906,34.768829345703125,2529600
OGN,2022-03-09,36.869998931884766,37.43999862670898,36.400001525878906,36.459999084472656,34.588584899902344,1789900
OGN,2022-03-10,36.27000045776367,36.41999816894531,35.66999816894531,35.97999954223633,34.13321685791016,1954000
OGN,2022-03-11,36.209999084472656,36.619998931884766,35.790000915527344,35.83000183105469,33.99092102050781,1488400
OGN,2022-03-14,35.34000015258789,35.619998931884766,31.56999969482422,32.36000061035156,30.69902992248535,7855500
OGN,2022-03-15,32.290000915527344,32.65999984741211,31.690000534057617,32.290000915527344,30.63262367248535,3654900
OGN,2022-03-16,32.7599983215332,32.95000076293945,31.850000381469727,32.900001525878906,31.211313247680664,2962300
OGN,2022-03-17,33.04999923706055,34.380001068115234,32.529998779296875,34.34000015258789,32.57740020751953,2682600
OGN,2022-03-18,34.220001220703125,35.189998626708984,34.13999938964844,35.08000183105469,33.279415130615234,9038400
OGN,2022-03-21,35.5099983215332,35.9900016784668,34.650001525878906,34.77000045776367,32.985328674316406,1670100
OGN,2022-03-22,35.0,35.650001525878906,34.560001373291016,35.349998474121094,33.53555679321289,1312000
OGN,2022-03-23,35.43000030517578,35.685001373291016,35.0,35.34000015258789,33.52606964111328,1583600
OGN,2022-03-24,35.279998779296875,35.45000076293945,34.7599983215332,35.29999923706055,33.48812484741211,1306800
OGN,2022-03-25,35.45000076293945,35.724998474121094,34.790000915527344,34.9900016784668,33.19403839111328,1060000
OGN,2022-03-28,34.91999816894531,35.20000076293945,34.68000030517578,35.16999816894531,33.36479568481445,1445200
OGN,2022-03-29,35.36000061035156,35.75,35.06999969482422,35.31999969482422,33.50709915161133,1038100
OGN,2022-03-30,35.380001068115234,36.38999938964844,35.27000045776367,35.810001373291016,33.97195053100586,1645300
OGN,2022-03-31,35.529998779296875,36.09999847412109,34.91999816894531,34.93000030517578,33.13711929321289,1637800
OGN,2022-04-01,35.220001220703125,35.6150016784668,34.869998931884766,35.150001525878906,33.3458251953125,1610700
OGN,2022-04-04,34.849998474121094,35.08000183105469,34.46099853515625,34.720001220703125,32.937896728515625,1471600
OGN,2022-04-05,34.77000045776367,35.849998474121094,34.77000045776367,35.400001525878906,33.5829963684082,2060300
OGN,2022-04-06,35.560001373291016,36.45000076293945,35.11000061035156,36.20000076293945,34.3419303894043,1893900
OGN,2022-04-07,36.11000061035156,36.619998931884766,35.9900016784668,36.20000076293945,34.3419303894043,2386300
OGN,2022-04-08,36.16999816894531,36.34999847412109,35.779998779296875,35.869998931884766,34.028865814208984,3120700
OGN,2022-04-11,35.9900016784668,36.18000030517578,35.06999969482422,35.18000030517578,33.37428283691406,1480100
OGN,2022-04-12,35.18000030517578,35.68000030517578,34.90999984741211,34.9900016784668,33.19403839111328,1184400
OGN,2022-04-13,35.119998931884766,35.29999923706055,34.63999938964844,34.97999954223633,33.18455123901367,935400
OGN,2022-04-14,35.0099983215332,35.31999969482422,34.46500015258789,34.900001525878906,33.10865783691406,1516100
OGN,2022-04-18,34.77000045776367,34.83000183105469,33.220001220703125,33.380001068115234,31.666677474975582,1170900
OGN,2022-04-19,33.5099983215332,34.08399963378906,33.400001525878906,33.95000076293945,32.207420349121094,1073000
OGN,2022-04-20,33.75,33.779998779296875,33.29999923706055,33.349998474121094,31.638208389282227,852300
OGN,2022-04-21,33.459999084472656,33.630001068115234,32.68000030517578,32.77000045776367,31.08798599243164,1310600
OGN,2022-04-22,32.65999984741211,32.65999984741211,32.060001373291016,32.2599983215332,30.60416030883789,1242900
OGN,2022-04-25,32.0,32.689998626708984,31.48500061035156,32.5099983215332,30.84132957458496,1189300
OGN,2022-04-26,32.2400016784668,32.56999969482422,31.6200008392334,31.65999984741211,30.034955978393555,1008900
OGN,2022-04-27,31.989999771118164,32.68000030517578,31.71999931335449,32.41999816894531,30.755949020385746,1204400
OGN,2022-04-28,32.70000076293945,33.20000076293945,32.209999084472656,33.0,31.3061752319336,1508100
OGN,2022-04-29,32.880001068115234,33.32500076293945,32.25,32.33000183105469,30.670568466186523,2811400
OGN,2022-05-02,32.5,33.11000061035156,31.63500022888184,32.08000183105469,30.43340301513672,2473800
OGN,2022-05-03,32.040000915527344,32.58000183105469,31.90999984741211,32.439998626708984,30.77492332458496,1965300
OGN,2022-05-04,32.52000045776367,33.290000915527344,31.940000534057617,33.189998626708984,31.486427307128903,1409200
OGN,2022-05-05,33.189998626708984,35.209999084472656,33.150001525878906,34.869998931884766,33.080196380615234,3414900
OGN,2022-05-06,34.33000183105469,35.02000045776367,33.119998931884766,34.77000045776367,32.985328674316406,2448900
OGN,2022-05-09,34.2400016784668,35.2400016784668,34.099998474121094,34.720001220703125,32.937896728515625,2429900
OGN,2022-05-10,34.209999084472656,34.95000076293945,33.939998626708984,34.7599983215332,32.9758415222168,1895700
OGN,2022-05-11,34.650001525878906,35.279998779296875,33.22999954223633,33.349998474121094,31.638208389282227,2046700
OGN,2022-05-12,33.38999938964844,34.650001525878906,33.38999938964844,34.630001068115234,32.852516174316406,1322700
OGN,2022-05-13,34.59000015258789,35.22999954223633,34.19499969482422,34.939998626708984,33.41679000854492,1145800
OGN,2022-05-16,34.7400016784668,35.619998931884766,34.61000061035156,35.43000030517578,33.88542938232422,1071900
OGN,2022-05-17,35.7599983215332,36.869998931884766,35.47999954223633,36.72999954223633,35.12875747680664,1441400
OGN,2022-05-18,36.43999862670898,37.36000061035156,35.82500076293945,35.959999084472656,34.39232635498047,1651600
OGN,2022-05-19,35.5,36.65999984741211,35.279998779296875,36.56999969482422,34.975730895996094,1430600
OGN,2022-05-20,36.88999938964844,37.70000076293945,36.45000076293945,37.63999938964844,35.99908828735352,1926800
OGN,2022-05-23,37.77999877929688,37.95600128173828,36.93000030517578,37.52999877929688,35.893882751464844,1141600
OGN,2022-05-24,37.459999084472656,37.63999938964844,36.91400146484375,37.52000045776367,35.88431930541992,1165300
OGN,2022-05-25,37.45000076293945,38.34999847412109,37.380001068115234,38.09999847412109,36.43903350830078,1213100
OGN,2022-05-26,38.34999847412109,39.09000015258789,37.95000076293945,38.560001373291016,36.87898635864258,1160600
OGN,2022-05-27,38.5,38.95000076293945,38.28499984741211,38.900001525878906,37.20415878295898,1182200
OGN,2022-05-31,38.400001525878906,38.61000061035156,37.59000015258789,37.959999084472656,36.305137634277344,2201600
OGN,2022-06-01,38.08000183105469,38.310001373291016,37.0,37.75,36.10429382324219,1172800
OGN,2022-06-02,37.90999984741211,37.90999984741211,36.525001525878906,37.33000183105469,35.70260238647461,1409100
OGN,2022-06-03,37.22999954223633,37.36000061035156,36.86000061035156,37.18000030517578,35.559139251708984,777300
OGN,2022-06-06,37.34999847412109,37.709999084472656,37.29999923706055,37.470001220703125,35.83650207519531,905600
OGN,2022-06-07,37.470001220703125,37.86000061035156,37.310001373291016,37.810001373291016,36.16167449951172,1106300
OGN,2022-06-08,37.77999877929688,38.09000015258789,37.43999862670898,37.61000061035156,35.970394134521484,816500
OGN,2022-06-09,37.61000061035156,37.61000061035156,36.380001068115234,36.38999938964844,34.80358123779297,868300
OGN,2022-06-10,35.95000076293945,36.01499938964844,35.23500061035156,35.459999084472656,33.91412353515625,1161500
OGN,2022-06-13,34.880001068115234,34.880001068115234,33.65999984741211,34.20000076293945,32.70905303955078,1280100
OGN,2022-06-14,34.16999816894531,34.16999816894531,32.849998474121094,33.130001068115234,31.68570137023925,1926500
OGN,2022-06-15,33.16999816894531,33.90999984741211,32.7599983215332,33.59000015258789,32.12564468383789,1694700
OGN,2022-06-16,32.83000183105469,33.060001373291016,32.470001220703125,32.810001373291016,31.37965583801269,1660300
OGN,2022-06-17,32.90999984741211,33.459999084472656,32.41999816894531,33.16999816894531,31.72395706176757,4224400
OGN,2022-06-21,33.59000015258789,33.650001525878906,32.779998779296875,32.880001068115234,31.44659996032715,1883700
OGN,2022-06-22,32.63999938964844,33.869998931884766,32.63999938964844,33.59000015258789,32.12564468383789,1381800
OGN,2022-06-23,33.790000915527344,35.13999938964844,33.65999984741211,34.91999816894531,33.39766311645508,1481700
OGN,2022-06-24,35.400001525878906,36.08000183105469,35.099998474121094,35.86000061035156,34.296688079833984,1812100
OGN,2022-06-27,35.7400016784668,35.97999954223633,35.345001220703125,35.43000030517578,33.88542938232422,858900
OGN,2022-06-28,35.47999954223633,35.595001220703125,34.65999984741211,34.790000915527344,33.27333450317383,865800
OGN,2022-06-29,35.04999923706055,35.04999923706055,34.42499923706055,34.56999969482422,33.062923431396484,816300
OGN,2022-06-30,34.310001373291016,34.56999969482422,33.58000183105469,33.75,32.27867126464844,1359200
OGN,2022-07-01,33.91999816894531,34.27000045776367,33.38999938964844,34.25,32.756874084472656,1018400
OGN,2022-07-05,33.83000183105469,34.290000915527344,33.20000076293945,34.20000076293945,32.70905303955078,1338300
OGN,2022-07-06,34.040000915527344,34.22999954223633,32.90999984741211,33.290000915527344,31.83872985839844,1601300
OGN,2022-07-07,33.310001373291016,33.83000183105469,32.90999984741211,33.04999923706055,31.609189987182617,2274500
OGN,2022-07-08,32.869998931884766,33.290000915527344,32.5,32.75,31.322265625,1217000
OGN,2022-07-11,32.599998474121094,33.04999923706055,32.54999923706055,32.70000076293945,31.274450302124023,945600
OGN,2022-07-12,32.540000915527344,33.040000915527344,32.38999938964844,32.86000061035156,31.427471160888672,1679500
OGN,2022-07-13,32.529998779296875,32.70000076293945,31.959999084472656,32.279998779296875,30.87275505065918,1595400
OGN,2022-07-14,32.08000183105469,32.2599983215332,31.450000762939453,31.850000381469727,30.461502075195312,1486500
OGN,2022-07-15,32.18000030517578,32.224998474121094,31.440000534057617,31.96999931335449,30.576271057128903,1336700
OGN,2022-07-18,32.04999923706055,32.220001220703125,31.059999465942383,31.200000762939453,29.83983993530273,1614800
OGN,2022-07-19,31.39999961853028,31.920000076293945,31.299999237060547,31.56999969482422,30.193708419799805,1217500
OGN,2022-07-20,31.549999237060547,31.89999961853028,31.229999542236328,31.65999984741211,30.27978515625,1278500
OGN,2022-07-21,31.559999465942383,31.77499961853028,31.200000762939453,31.76000022888184,30.37542533874512,1015800
OGN,2022-07-22,31.89999961853028,31.979999542236328,31.6299991607666,31.959999084472656,30.56670570373535,897700
OGN,2022-07-25,32.0,32.939998626708984,32.0,32.79999923706055,31.370086669921875,1624300
OGN,2022-07-26,32.79999923706055,33.20000076293945,32.79999923706055,32.900001525878906,31.46573066711425,1202500
OGN,2022-07-27,32.790000915527344,32.84000015258789,32.119998931884766,32.63999938964844,31.217060089111328,1217300
OGN,2022-07-28,32.70000076293945,32.70000076293945,31.96999931335449,32.45000076293945,31.03534698486328,1153400
OGN,2022-07-29,32.56999969482422,32.63999938964844,31.51000022888184,31.71999931335449,30.3371696472168,2896600
OGN,2022-08-01,31.559999465942383,32.189998626708984,31.38999938964844,31.82999992370605,30.44237518310547,1715300
OGN,2022-08-02,31.770000457763672,32.349998474121094,31.549999237060547,31.770000457763672,30.384990692138672,1028100
OGN,2022-08-03,31.81999969482422,32.67499923706055,31.700000762939453,32.56999969482422,31.150115966796875,1895800
OGN,2022-08-04,32.56999969482422,33.04999923706055,31.38999938964844,32.40999984741211,30.99708747863769,2145800
OGN,2022-08-05,31.920000076293945,32.0099983215332,31.15999984741211,31.5,30.12676048278809,2755300
OGN,2022-08-08,31.540000915527344,31.729999542236328,31.190000534057617,31.540000915527344,30.165016174316406,1913800
OGN,2022-08-09,31.540000915527344,31.6299991607666,31.25,31.38999938964844,30.021556854248047,879600
OGN,2022-08-10,31.479999542236328,31.600000381469727,31.325000762939453,31.520000457763672,30.14588928222656,2546200
OGN,2022-08-11,31.38999938964844,32.310001373291016,31.36000061035156,31.690000534057617,30.3084774017334,2021800
OGN,2022-08-12,31.6200008392334,31.6200008392334,30.780000686645508,30.989999771118164,29.903207778930664,2161700
OGN,2022-08-15,30.90999984741211,31.13999938964844,30.75,31.01000022888184,29.922504425048828,1145800
OGN,2022-08-16,30.989999771118164,31.350000381469727,30.799999237060547,31.18000030517578,30.086544036865234,977200
OGN,2022-08-17,31.020000457763672,31.1299991607666,30.61000061035156,30.8700008392334,29.78741836547852,1114500
OGN,2022-08-18,30.89999961853028,30.93000030517578,30.489999771118164,30.729999542236328,29.652324676513672,1148300
OGN,2022-08-19,30.729999542236328,30.979999542236328,30.604999542236328,30.65999984741211,29.584779739379883,1311900
OGN,2022-08-22,30.600000381469727,30.81999969482422,30.18000030517578,30.3700008392334,29.304950714111328,1225800
OGN,2022-08-23,30.26000022888184,30.309999465942383,29.725000381469727,29.920000076293945,28.8707332611084,2520800
OGN,2022-08-24,29.8799991607666,30.46999931335449,29.59000015258789,30.059999465942383,29.00581932067871,1280100
OGN,2022-08-25,30.1299991607666,30.354999542236328,29.90999984741211,30.34000015258789,29.276002883911133,1113000
OGN,2022-08-26,30.39999961853028,30.450000762939453,29.65999984741211,29.690000534057617,28.6487979888916,1413600
OGN,2022-08-29,29.549999237060547,29.6299991607666,29.209999084472656,29.350000381469727,28.32071876525879,1164200
OGN,2022-08-30,29.3799991607666,29.479999542236328,28.57999992370605,28.65999984741211,27.654918670654297,1306400
OGN,2022-08-31,28.780000686645508,28.96999931335449,28.31999969482422,28.530000686645508,27.529476165771484,1792600
OGN,2022-09-01,28.459999084472656,28.823999404907227,28.32999992370605,28.809999465942383,27.79965782165528,1332100
OGN,2022-09-02,28.770000457763672,29.1200008392334,28.38999938964844,28.5,27.50053024291992,1398200
OGN,2022-09-06,28.850000381469727,29.64999961853028,28.690000534057617,28.709999084472656,27.703163146972656,1726800
OGN,2022-09-07,28.770000457763672,29.1200008392334,28.225000381469727,28.959999084472656,27.94439697265625,1740400
OGN,2022-09-08,28.8700008392334,29.489999771118164,28.825000762939453,29.36000061035156,28.330368041992188,1106400
OGN,2022-09-09,29.3700008392334,29.950000762939453,29.31999969482422,29.82999992370605,28.783885955810547,1371900
OGN,2022-09-12,29.920000076293945,30.270000457763672,29.31999969482422,29.709999084472656,28.66809463500977,1426000
OGN,2022-09-13,29.239999771118164,29.39999961853028,28.559999465942383,28.729999542236328,27.72246360778809,1260700
OGN,2022-09-14,28.88999938964844,28.93000030517578,28.18000030517578,28.6200008392334,27.616321563720703,1647300
OGN,2022-09-15,28.780000686645508,29.1200008392334,28.540000915527344,28.75,27.74176406860352,1501600
OGN,2022-09-16,28.6200008392334,28.950000762939453,28.410999298095703,28.61000061035156,27.606672286987305,5940200
OGN,2022-09-19,28.51000022888184,28.6200008392334,27.53499984741211,28.299999237060547,27.307540893554688,1875400
OGN,2022-09-20,28.01000022888184,28.11000061035156,27.239999771118164,27.299999237060547,26.34261131286621,1435700
OGN,2022-09-21,27.350000381469727,27.63999938964844,26.790000915527344,26.799999237060547,25.860145568847656,1135000
OGN,2022-09-22,26.65999984741211,26.75,26.200000762939453,26.290000915527344,25.368032455444336,1475800
OGN,2022-09-23,26.049999237060547,26.25,25.309999465942383,25.75,24.846969604492188,1831900
OGN,2022-09-26,25.520000457763672,25.82999992370605,25.059999465942383,25.14999961853028,24.268009185791016,1489300
OGN,2022-09-27,25.280000686645508,25.350000381469727,24.21500015258789,24.26000022888184,23.409223556518555,2800200
OGN,2022-09-28,24.479999542236328,24.690000534057617,24.15999984741211,24.51000022888184,23.650453567504883,2162300
OGN,2022-09-29,24.270000457763672,24.3799991607666,23.3799991607666,23.549999237060547,22.72412109375,2305200
OGN,2022-09-30,23.690000534057617,24.15999984741211,23.32999992370605,23.39999961853028,22.579381942749023,2182500
OGN,2022-10-03,23.65999984741211,24.270000457763672,23.34000015258789,24.06999969482422,23.22588539123535,2385200
OGN,2022-10-04,24.3799991607666,25.81999969482422,24.3799991607666,25.709999084472656,24.80837059020996,3136900
OGN,2022-10-05,25.459999084472656,25.84000015258789,25.21999931335449,25.6299991607666,24.731176376342773,1846800
OGN,2022-10-06,25.440000534057617,25.55500030517578,24.709999084472656,24.76000022888184,23.89168739318848,1309400
OGN,2022-10-07,24.64999961853028,24.739999771118164,23.93000030517578,24.01000022888184,23.16798973083496,1335100
OGN,2022-10-10,24.11000061035156,24.39999961853028,23.64999961853028,23.670000076293945,22.83991432189941,1304800
OGN,2022-10-11,23.64999961853028,23.809999465942383,23.16200065612793,23.5,22.67587661743164,4042300
OGN,2022-10-12,23.38999938964844,23.875,23.18000030517578,23.64999961853028,22.820613861083984,1648800
OGN,2022-10-13,23.239999771118164,24.270000457763672,23.030000686645508,24.030000686645508,23.18728828430176,1627700
OGN,2022-10-14,23.21999931335449,23.5,22.8799991607666,23.309999465942383,22.49253845214844,2336900
OGN,2022-10-17,23.6299991607666,23.979999542236328,23.5629997253418,23.809999465942383,22.97500228881836,1840700
OGN,2022-10-18,24.190000534057617,24.75,24.01000022888184,24.170000076293945,23.322378158569336,2353800
OGN,2022-10-19,24.06999969482422,24.280000686645508,23.780000686645508,23.799999237060547,22.965351104736328,1813900
OGN,2022-10-20,23.690000534057617,23.75,23.3799991607666,23.559999465942383,22.73376846313477,1121300
OGN,2022-10-21,23.6299991607666,23.809999465942383,23.13999938964844,23.68000030517578,22.84956169128418,2775900
OGN,2022-10-24,23.88999938964844,24.145000457763672,23.5,24.040000915527344,23.19693756103516,1274800
OGN,2022-10-25,24.030000686645508,24.950000762939453,23.950000762939453,24.729999542236328,23.86273956298828,2353300
OGN,2022-10-26,24.799999237060547,25.479999542236328,24.76000022888184,25.290000915527344,24.40310287475586,1304700
OGN,2022-10-27,25.450000762939453,26.100000381469727,25.26000022888184,25.950000762939453,25.03995513916016,2395100
OGN,2022-10-28,25.959999084472656,26.225000381469727,25.86000061035156,26.18000030517578,25.26188850402832,1527500
OGN,2022-10-31,26.049999237060547,26.530000686645508,25.89999961853028,26.18000030517578,25.26188850402832,2227100
OGN,2022-11-01,26.450000762939453,26.614999771118164,26.059999465942383,26.38999938964844,25.46452522277832,1606900
OGN,2022-11-02,26.489999771118164,26.63500022888184,25.8799991607666,25.93000030517578,25.02065658569336,2028900
OGN,2022-11-03,27.25,27.51000022888184,25.520000457763672,25.8799991607666,24.972410202026367,3033300
OGN,2022-11-04,25.8799991607666,25.94499969482422,23.739999771118164,24.350000381469727,23.49606704711914,3447400
OGN,2022-11-07,24.3799991607666,24.799999237060547,23.76000022888184,24.0,23.15834045410156,2658900
OGN,2022-11-08,24.01000022888184,24.43000030517578,23.34000015258789,23.559999465942383,22.73376846313477,3100800
OGN,2022-11-09,23.63999938964844,24.36000061035156,23.6200008392334,23.850000381469727,23.013601303100582,2515800
OGN,2022-11-10,24.18000030517578,24.920000076293945,24.09000015258789,24.709999084472656,24.12668800354004,2559100
OGN,2022-11-11,24.59000015258789,25.46999931335449,24.190000534057617,25.309999465942383,24.712526321411133,2931700
OGN,2022-11-14,25.26000022888184,25.39999961853028,24.770000457763672,24.780000686645508,24.195037841796875,1870600
OGN,2022-11-15,25.040000915527344,25.43099975585937,24.690000534057617,24.8799991607666,24.292675018310547,1605600
OGN,2022-11-16,24.799999237060547,24.979999542236328,24.27499961853028,24.38999938964844,23.81424140930176,1357600
OGN,2022-11-17,24.049999237060547,24.190000534057617,23.76000022888184,23.920000076293945,23.355337142944336,1783400
OGN,2022-11-18,24.270000457763672,24.57999992370605,24.09499931335449,24.39999961853028,23.82400703430176,2175700
OGN,2022-11-21,24.420000076293945,24.77499961853028,24.239999771118164,24.71999931335449,24.13645362854004,1123800
OGN,2022-11-22,24.690000534057617,25.049999237060547,24.690000534057617,24.82999992370605,24.24385643005371,1409800
OGN,2022-11-23,24.790000915527344,24.905000686645508,24.625,24.809999465942383,24.224328994750977,867600
OGN,2022-11-25,24.799999237060547,25.11000061035156,24.7509994506836,25.11000061035156,24.51724624633789,641400
OGN,2022-11-28,24.850000381469727,25.040000915527344,24.4950008392334,24.65999984741211,24.077869415283203,1530700
OGN,2022-11-29,24.709999084472656,25.0,24.39999961853028,24.940000534057617,24.351261138916016,2374300
OGN,2022-11-30,24.979999542236328,26.049999237060547,24.739999771118164,26.020000457763672,25.405765533447266,2422700
OGN,2022-12-01,26.190000534057617,26.850000381469727,26.11000061035156,26.420000076293945,25.796321868896484,1774300
OGN,2022-12-02,26.1200008392334,26.71999931335449,26.030000686645508,26.71999931335449,26.08924102783203,1236100
OGN,2022-12-05,26.549999237060547,26.799999237060547,26.15999984741211,26.350000381469727,25.72797584533692,1102300
OGN,2022-12-06,26.34000015258789,26.559999465942383,25.729999542236328,26.14999961853028,25.532695770263672,1668200
OGN,2022-12-07,26.14999961853028,26.3799991607666,25.78499984741211,26.07999992370605,25.46434783935547,1402600
OGN,2022-12-08,26.239999771118164,26.905000686645508,26.18199920654297,26.86000061035156,26.22593688964844,2082300
OGN,2022-12-09,26.8799991607666,27.39999961853028,26.799999237060547,27.049999237060547,26.411449432373047,2096900
OGN,2022-12-12,27.21999931335449,27.690000534057617,26.93000030517578,27.57999992370605,26.928937911987305,3249500
OGN,2022-12-13,28.0,28.40999984741211,27.90999984741211,28.200000762939453,27.534303665161133,3037200
OGN,2022-12-14,28.190000534057617,28.709999084472656,28.09000015258789,28.6200008392334,27.94438934326172,2413000
OGN,2022-12-15,28.43000030517578,28.64999961853028,28.13999938964844,28.280000686645508,27.612415313720703,2380500
OGN,2022-12-16,28.170000076293945,28.34000015258789,27.31999969482422,27.440000534057617,26.792245864868164,6891000
OGN,2022-12-19,27.229999542236328,27.479999542236328,26.89999961853028,27.43000030517578,26.782480239868164,2501200
OGN,2022-12-20,27.32999992370605,27.55500030517578,27.07999992370605,27.450000762939453,26.80200958251953,1303500
OGN,2022-12-21,27.6299991607666,28.045000076293945,27.600000381469727,27.790000915527344,27.133983612060547,1219300
OGN,2022-12-22,27.6299991607666,27.770000457763672,27.23500061035156,27.63999938964844,26.98752212524414,1026400
OGN,2022-12-23,27.63999938964844,27.96699905395508,27.540000915527344,27.93000030517578,27.270675659179688,966900
OGN,2022-12-27,27.93000030517578,28.065000534057617,27.59000015258789,27.940000534057617,27.280441284179688,1235300
OGN,2022-12-28,27.93000030517578,28.075000762939453,27.59000015258789,27.64999961853028,26.997285842895508,1512000
OGN,2022-12-29,27.809999465942383,28.420000076293945,27.799999237060547,28.18000030517578,27.51477432250977,2031000
OGN,2022-12-30,28.040000915527344,28.06999969482422,27.670000076293945,27.93000030517578,27.270675659179688,1721900
OGN,2023-01-03,27.89999961853028,28.43000030517578,27.86000061035156,28.06999969482422,27.407371520996094,1688300
OGN,2023-01-04,28.209999084472656,29.14999961853028,28.1299991607666,28.940000534057617,28.2568359375,2300100
OGN,2023-01-05,28.6200008392334,28.84000015258789,27.93000030517578,28.84000015258789,28.15919685363769,1873600
OGN,2023-01-06,29.13999938964844,29.459999084472656,28.75,29.14999961853028,28.461875915527344,1821900
OGN,2023-01-09,29.13999938964844,30.040000915527344,29.06999969482422,29.57999992370605,28.881725311279297,1696900
OGN,2023-01-10,29.690000534057617,30.27499961853028,29.3700008392334,30.1200008392334,29.408979415893555,2057400
OGN,2023-01-11,30.299999237060547,30.700000762939453,29.940000534057617,30.63999938964844,29.916704177856445,2244500
OGN,2023-01-12,30.690000534057617,31.48500061035156,30.59000015258789,31.3799991607666,30.63923454284668,2715400
OGN,2023-01-13,31.43000030517578,32.119998931884766,31.38500022888184,32.060001373291016,31.303184509277344,2578300
OGN,2023-01-17,32.130001068115234,32.29999923706055,31.799999237060547,32.08000183105469,31.32271194458008,2744300
OGN,2023-01-18,32.2599983215332,32.43000030517578,31.850000381469727,31.940000534057617,31.186017990112305,2385500
OGN,2023-01-19,31.63999938964844,31.84000015258789,31.239999771118164,31.40999984741211,30.66852760314941,1904300
OGN,2023-01-20,31.43000030517578,31.59000015258789,31.01000022888184,31.34000015258789,30.60017967224121,1556900
OGN,2023-01-23,31.459999084472656,32.06999969482422,31.34499931335449,32.0099983215332,31.25436210632324,1434700
OGN,2023-01-24,31.799999237060547,31.89999961853028,30.989999771118164,31.40999984741211,30.66852760314941,1401200
OGN,2023-01-25,31.46999931335449,31.46999931335449,30.475000381469727,30.63999938964844,29.916704177856445,1364500
OGN,2023-01-26,30.600000381469727,30.81999969482422,30.11000061035156,30.31999969482422,29.604257583618164,1432000
OGN,2023-01-27,30.14999961853028,30.440000534057617,29.834999084472656,29.940000534057617,29.23322868347168,1590600
OGN,2023-01-30,29.709999084472656,29.84499931335449,29.34499931335449,29.56999969482422,28.87196350097656,1696300
OGN,2023-01-31,29.51000022888184,30.18000030517578,29.45499992370605,30.1299991607666,29.41874313354492,4841000
OGN,2023-02-01,30.0,30.489999771118164,29.920000076293945,30.309999465942383,29.5944938659668,1452200
OGN,2023-02-02,30.299999237060547,30.5,30.13999938964844,30.40999984741211,29.6921329498291,1228500
OGN,2023-02-03,30.25,30.479999542236328,29.739999771118164,29.76000022888184,29.057477951049805,1032000
OGN,2023-02-06,29.600000381469727,29.729999542236328,29.209999084472656,29.57999992370605,28.881725311279297,1276200
OGN,2023-02-07,29.46999931335449,29.875,29.209999084472656,29.84000015258789,29.13558959960937,826100
OGN,2023-02-08,29.799999237060547,29.825000762939453,29.51000022888184,29.68000030517578,28.979366302490234,809200
OGN,2023-02-09,29.770000457763672,29.8439998626709,28.989999771118164,29.059999465942383,28.37400245666504,1258000
OGN,2023-02-10,28.989999771118164,29.200000762939453,28.875,29.020000457763672,28.334945678710938,1418400
OGN,2023-02-13,28.950000762939453,29.520000457763672,28.690000534057617,29.479999542236328,28.784086227416992,1465300
OGN,2023-02-14,29.520000457763672,29.549999237060547,29.06999969482422,29.1299991607666,28.44234848022461,1423100
OGN,2023-02-15,28.82999992370605,29.364999771118164,28.729999542236328,29.26000022888184,28.56928062438965,1782500
OGN,2023-02-16,27.84000015258789,28.14999961853028,24.55500030517578,24.8700008392334,24.28291320800781,9270200
OGN,2023-02-17,24.68000030517578,26.3799991607666,24.11000061035156,26.020000457763672,25.405765533447266,5159000
OGN,2023-02-21,26.01000022888184,27.075000762939453,25.957000732421875,27.040000915527344,26.401687622070312,3100400
OGN,2023-02-22,27.18000030517578,27.32999992370605,26.645000457763672,26.82999992370605,26.196643829345703,2131300
OGN,2023-02-23,26.920000076293945,27.100000381469727,26.450000762939453,26.64999961853028,26.020891189575195,1374800
OGN,2023-02-24,26.0,26.18000030517578,25.21999931335449,25.59000015258789,25.251218795776367,1992000
OGN,2023-02-27,25.780000686645508,26.165000915527344,24.8799991607666,25.09000015258789,24.75783920288086,3215600
OGN,2023-02-28,24.88999938964844,25.15999984741211,24.450000762939453,24.489999771118164,24.165781021118164,2889900
OGN,2023-03-01,24.5,24.86000061035156,24.229999542236328,24.290000915527344,23.96843147277832,2624200
OGN,2023-03-02,24.1200008392334,24.200000762939453,23.89999961853028,24.11000061035156,23.79081344604492,2501200
OGN,2023-03-03,24.299999237060547,24.850000381469727,24.21999931335449,24.559999465942383,24.23485565185547,2458200
OGN,2023-03-06,24.549999237060547,24.989999771118164,24.11000061035156,24.1200008392334,23.800682067871094,2580400
OGN,2023-03-07,24.209999084472656,24.3799991607666,23.71999931335449,23.739999771118164,23.425710678100582,2114000
OGN,2023-03-08,23.799999237060547,23.905000686645508,23.57999992370605,23.68000030517578,23.36650657653809,1452900
OGN,2023-03-09,23.709999084472656,23.76000022888184,23.11000061035156,23.270000457763672,22.961933135986328,1960200
OGN,2023-03-10,23.200000762939453,23.309999465942383,22.5049991607666,22.68000030517578,22.37974548339844,2722000
OGN,2023-03-13,22.549999237060547,22.780000686645508,22.200000762939453,22.26000022888184,21.96530532836914,2734700
OGN,2023-03-14,22.540000915527344,22.73500061035156,21.76000022888184,21.950000762939453,21.659408569335938,2507000
OGN,2023-03-15,21.56999969482422,21.63999938964844,21.11000061035156,21.520000457763672,21.2351016998291,2781100
OGN,2023-03-16,21.530000686645508,21.790000915527344,21.1299991607666,21.71999931335449,21.43245315551757,2719900
OGN,2023-03-17,21.690000534057617,21.89800071716309,21.5629997253418,21.670000076293945,21.383115768432617,4588700
OGN,2023-03-20,21.86000061035156,22.420000076293945,21.670000076293945,22.38999938964844,22.093582153320312,2263100
OGN,2023-03-21,22.59000015258789,22.780000686645508,22.23500061035156,22.3799991607666,22.083715438842773,2035300
OGN,2023-03-22,22.43000030517578,22.52499961853028,21.834999084472656,21.850000381469727,21.560733795166016,1466100
OGN,2023-03-23,22.01000022888184,22.09499931335449,21.239999771118164,21.420000076293945,21.136425018310547,1860000
OGN,2023-03-24,21.38999938964844,21.90999984741211,20.959999084472656,21.86000061035156,21.570600509643555,1596100
OGN,2023-03-27,22.049999237060547,22.280000686645508,21.850000381469727,22.07999992370605,21.787687301635746,1480200
OGN,2023-03-28,21.93000030517578,22.239999771118164,21.86000061035156,22.239999771118164,21.94556999206543,1266500
OGN,2023-03-29,22.5,22.729999542236328,22.25,22.68000030517578,22.37974548339844,1712100
OGN,2023-03-30,22.950000762939453,23.26000022888184,22.799999237060547,23.09000015258789,22.78431701660156,1804900
OGN,2023-03-31,23.26000022888184,23.57999992370605,23.225000381469727,23.520000457763672,23.2086238861084,2199500
OGN,2023-04-03,23.6299991607666,23.82999992370605,23.280000686645508,23.530000686645508,23.21849250793457,1773200
OGN,2023-04-04,23.64999961853028,23.729999542236328,22.850000381469727,23.07999992370605,22.77444839477539,1605800
OGN,2023-04-05,23.06999969482422,23.825000762939453,22.950000762939453,23.63999938964844,23.32703399658203,1720700
OGN,2023-04-06,23.940000534057617,24.09000015258789,23.540000915527344,23.950000762939453,23.632932662963867,1341200
OGN,2023-04-10,23.670000076293945,23.940000534057617,23.520000457763672,23.850000381469727,23.534255981445312,1219400
OGN,2023-04-11,23.920000076293945,24.030000686645508,23.739999771118164,23.75,23.43557929992676,1158800
OGN,2023-04-12,23.88999938964844,23.989999771118164,23.540000915527344,23.61000061035156,23.29743194580078,1524600
OGN,2023-04-13,23.790000915527344,24.059999465942383,23.709999084472656,23.979999542236328,23.662532806396484,1281500
OGN,2023-04-14,23.979999542236328,24.14200019836425,23.32999992370605,23.799999237060547,23.48491668701172,1365900
OGN,2023-04-17,23.709999084472656,24.13500022888184,23.520000457763672,24.040000915527344,23.72174072265625,1543200
OGN,2023-04-18,24.06999969482422,24.190000534057617,23.530000686645508,23.59000015258789,23.27769660949707,1090600
OGN,2023-04-19,23.56999969482422,23.89999961853028,23.43000030517578,23.88999938964844,23.5737247467041,1268000
OGN,2023-04-20,23.739999771118164,23.8799991607666,23.559999465942383,23.690000534057617,23.376373291015625,1390600
OGN,2023-04-21,23.90999984741211,24.13999938964844,23.770000457763672,24.11000061035156,23.79081344604492,1152100
OGN,2023-04-24,24.11000061035156,24.13999938964844,23.770999908447266,24.030000686645508,23.71187210083008,1326100
OGN,2023-04-25,24.020000457763672,24.06999969482422,23.51499938964844,23.59000015258789,23.27769660949707,1344700
OGN,2023-04-26,23.40999984741211,23.82999992370605,23.40999984741211,23.700000762939453,23.3862419128418,1426600
OGN,2023-04-27,23.850000381469727,24.350000381469727,23.81999969482422,24.32999992370605,24.00790023803711,1573800
OGN,2023-04-28,24.32999992370605,24.665000915527344,24.190000534057617,24.6299991607666,24.30392837524414,1937300
OGN,2023-05-01,24.690000534057617,24.790000915527344,24.479999542236328,24.5,24.175649642944336,1141000
OGN,2023-05-02,24.479999542236328,24.57999992370605,23.709999084472656,24.059999465942383,23.741474151611328,1537500
OGN,2023-05-03,24.270000457763672,24.56999969482422,24.11000061035156,24.239999771118164,23.919092178344727,2373100
OGN,2023-05-04,23.549999237060547,23.75,21.600000381469727,22.01000022888184,21.71861457824707,3701100
OGN,2023-05-05,22.14999961853028,22.834999084472656,21.799999237060547,22.520000457763672,22.22186279296875,2381000
OGN,2023-05-08,22.670000076293945,22.75,21.665000915527344,21.81999969482422,21.531129837036133,2251100
OGN,2023-05-09,21.520000457763672,21.59000015258789,21.125,21.239999771118164,20.95880699157715,3450200
OGN,2023-05-10,21.39999961853028,21.655000686645508,21.01000022888184,21.5,21.21536636352539,4612800
OGN,2023-05-11,21.350000381469727,21.420000076293945,21.049999237060547,21.14999961853028,20.86999893188477,2444900
OGN,2023-05-12,21.0,21.15999984741211,20.725000381469727,20.8700008392334,20.8700008392334,2075300
OGN,2023-05-15,20.81999969482422,20.9950008392334,20.51000022888184,20.84000015258789,20.84000015258789,2260500
OGN,2023-05-16,20.86000061035156,20.86000061035156,20.3700008392334,20.40999984741211,20.40999984741211,1474900
OGN,2023-05-17,20.3799991607666,20.57999992370605,20.1200008392334,20.57999992370605,20.57999992370605,1890900
OGN,2023-05-18,20.540000915527344,20.57999992370605,20.13999938964844,20.46999931335449,20.46999931335449,1410700
OGN,2023-05-19,20.59000015258789,20.76000022888184,20.36000061035156,20.43000030517578,20.43000030517578,1944500
OGN,2023-05-22,20.39999961853028,21.049999237060547,20.14999961853028,20.739999771118164,20.739999771118164,5356400
OGN,2023-05-23,20.850000381469727,21.097000122070312,20.56999969482422,20.6299991607666,20.6299991607666,1811700
OGN,2023-05-24,20.459999084472656,20.459999084472656,19.8700008392334,20.1200008392334,20.1200008392334,2157300
OGN,2023-05-25,19.88999938964844,19.93000030517578,19.14999961853028,19.86000061035156,19.86000061035156,4580400
OGN,2023-05-26,19.90999984741211,20.09000015258789,19.43000030517578,19.540000915527344,19.540000915527344,2005100
OGN,2023-05-30,19.31999969482422,19.51000022888184,19.18000030517578,19.270000457763672,19.270000457763672,1893400
OGN,2023-05-31,19.18000030517578,19.4950008392334,18.8700008392334,19.38999938964844,19.38999938964844,2899100
OGN,2023-06-01,19.520000457763672,19.674999237060547,18.989999771118164,19.450000762939453,19.450000762939453,1860700
OGN,2023-06-02,19.64999961853028,19.875,19.559999465942383,19.76000022888184,19.76000022888184,1578000
OGN,2023-06-05,19.799999237060547,20.334999084472656,19.770000457763672,20.190000534057617,20.190000534057617,1942300
OGN,2023-06-06,20.229999542236328,20.270000457763672,19.90999984741211,20.07999992370605,20.07999992370605,1638200
OGN,2023-06-07,20.049999237060547,20.530000686645508,19.86000061035156,20.46999931335449,20.46999931335449,1666800
OGN,2023-06-08,20.549999237060547,20.59000015258789,19.940000534057617,20.01000022888184,20.01000022888184,1950200
OGN,2023-06-09,19.940000534057617,20.209999084472656,19.77499961853028,19.82999992370605,19.82999992370605,2317800
OGN,2023-06-12,19.93000030517578,20.530000686645508,19.86000061035156,20.420000076293945,20.420000076293945,1970900
OGN,2023-06-13,20.39999961853028,20.77499961853028,20.34000015258789,20.38999938964844,20.38999938964844,1604600
OGN,2023-06-14,20.559999465942383,20.81999969482422,20.14999961853028,20.290000915527344,20.290000915527344,1674000
OGN,2023-06-15,20.299999237060547,20.940000534057617,20.239999771118164,20.920000076293945,20.920000076293945,1826000
OGN,2023-06-16,21.0,21.100000381469727,20.690000534057617,20.90999984741211,20.90999984741211,5098200
OGN,2023-06-20,20.6200008392334,21.040000915527344,20.39999961853028,20.8799991607666,20.8799991607666,1857600
OGN,2023-06-21,20.790000915527344,21.030000686645508,20.549999237060547,20.790000915527344,20.790000915527344,2907500
OGN,2023-06-22,20.8799991607666,21.1200008392334,20.700000762939453,20.90999984741211,20.90999984741211,1588800
OGN,2023-06-23,20.75,20.84000015258789,20.114999771118164,20.239999771118164,20.239999771118164,2226800
OGN,2023-06-26,20.239999771118164,20.59000015258789,20.05500030517578,20.520000457763672,20.520000457763672,1385400
OGN,2023-06-27,20.420000076293945,20.71500015258789,20.190000534057617,20.6200008392334,20.6200008392334,1427500
OGN,2023-06-28,20.670000076293945,20.709999084472656,20.27499961853028,20.420000076293945,20.420000076293945,1194200
OGN,2023-06-29,20.32999992370605,20.924999237060547,20.280000686645508,20.729999542236328,20.729999542236328,1741900
OGN,2023-06-30,20.93000030517578,20.979999542236328,20.64999961853028,20.809999465942383,20.809999465942383,1583200
OGN,2023-07-03,20.739999771118164,20.90999984741211,20.540000915527344,20.56999969482422,20.56999969482422,1140000
OGN,2023-07-05,20.43000030517578,20.799999237060547,20.11000061035156,20.549999237060547,20.549999237060547,1460800
OGN,2023-07-06,20.209999084472656,20.270000457763672,19.81999969482422,19.920000076293945,19.920000076293945,2258800
OGN,2023-07-07,19.86000061035156,20.38999938964844,19.76000022888184,20.100000381469727,20.100000381469727,2730300
OGN,2023-07-10,20.14999961853028,20.299999237060547,19.90999984741211,20.190000534057617,20.190000534057617,2193500
OGN,2023-07-11,20.21999931335449,21.06999969482422,20.21999931335449,20.790000915527344,20.790000915527344,3500100
OGN,2023-07-12,21.049999237060547,21.239999771118164,20.18000030517578,20.270000457763672,20.270000457763672,2159200
OGN,2023-07-13,20.31999969482422,20.76000022888184,20.31999969482422,20.709999084472656,20.709999084472656,1413900
OGN,2023-07-14,20.770000457763672,20.809999465942383,20.28499984741211,20.520000457763672,20.520000457763672,2683300
OGN,2023-07-17,20.39999961853028,20.479999542236328,20.059999465942383,20.3799991607666,20.3799991607666,1584400
OGN,2023-07-18,20.350000381469727,20.739999771118164,20.309999465942383,20.530000686645508,20.530000686645508,1299500
OGN,2023-07-19,20.64999961853028,20.950000762939453,20.55500030517578,20.809999465942383,20.809999465942383,1653900
OGN,2023-07-20,21.01000022888184,21.145000457763672,20.82999992370605,20.89999961853028,20.89999961853028,1335400
OGN,2023-07-21,20.979999542236328,21.209999084472656,20.70499992370605,21.170000076293945,21.170000076293945,1474500
OGN,2023-07-24,21.239999771118164,21.871000289916992,21.209999084472656,21.530000686645508,21.530000686645508,1828200
OGN,2023-07-25,21.440000534057617,21.78499984741211,21.26000022888184,21.739999771118164,21.739999771118164,2360600
OGN,2023-07-26,21.68000030517578,22.34000015258789,21.61000061035156,22.290000915527344,22.290000915527344,2477300
OGN,2023-07-27,22.3799991607666,22.479999542236328,21.854999542236328,21.8799991607666,21.8799991607666,1685100
OGN,2023-07-28,22.26000022888184,22.34000015258789,21.9950008392334,22.18000030517578,22.18000030517578,1509400
OGN,2023-07-31,22.14999961853028,22.27499961853028,21.780000686645508,21.979999542236328,21.979999542236328,6248600
OGN,2023-08-01,22.040000915527344,22.350000381469727,21.59000015258789,21.729999542236328,21.729999542236328,2055400
OGN,2023-08-02,21.479999542236328,21.84000015258789,21.280000686645508,21.809999465942383,21.809999465942383,1846500
OGN,2023-08-03,21.76000022888184,21.915000915527344,21.459999084472656,21.8700008392334,21.8700008392334,825874
